timestamp_unix,timestamp_iso,participant_full_id,activity_intensity,missing_value_reason
1768435200000,2026-01-15T00:00:00Z,1788-1-1-GV,,device_not_recording
1768435260000,2026-01-15T00:01:00Z,1788-1-1-GV,,device_not_recording
1768435320000,2026-01-15T00:02:00Z,1788-1-1-GV,,device_not_recording
1768435380000,2026-01-15T00:03:00Z,1788-1-1-GV,,device_not_recording
1768435440000,2026-01-15T00:04:00Z,1788-1-1-GV,,device_not_recording
1768435500000,2026-01-15T00:05:00Z,1788-1-1-GV,,device_not_recording
1768435560000,2026-01-15T00:06:00Z,1788-1-1-GV,,device_not_recording
1768435620000,2026-01-15T00:07:00Z,1788-1-1-GV,,device_not_recording
1768435680000,2026-01-15T00:08:00Z,1788-1-1-GV,,device_not_recording
1768435740000,2026-01-15T00:09:00Z,1788-1-1-GV,,device_not_recording
1768435800000,2026-01-15T00:10:00Z,1788-1-1-GV,,device_not_recording
1768435860000,2026-01-15T00:11:00Z,1788-1-1-GV,,device_not_recording
1768435920000,2026-01-15T00:12:00Z,1788-1-1-GV,,device_not_recording
1768435980000,2026-01-15T00:13:00Z,1788-1-1-GV,,device_not_recording
1768436040000,2026-01-15T00:14:00Z,1788-1-1-GV,,device_not_recording
1768436100000,2026-01-15T00:15:00Z,1788-1-1-GV,,device_not_recording
1768436160000,2026-01-15T00:16:00Z,1788-1-1-GV,,device_not_recording
1768436220000,2026-01-15T00:17:00Z,1788-1-1-GV,,device_not_recording
1768436280000,2026-01-15T00:18:00Z,1788-1-1-GV,,device_not_recording
1768436340000,2026-01-15T00:19:00Z,1788-1-1-GV,,device_not_recording
1768436400000,2026-01-15T00:20:00Z,1788-1-1-GV,,device_not_recording
1768436460000,2026-01-15T00:21:00Z,1788-1-1-GV,,device_not_recording
1768436520000,2026-01-15T00:22:00Z,1788-1-1-GV,,device_not_recording
1768436580000,2026-01-15T00:23:00Z,1788-1-1-GV,,device_not_recording
1768436640000,2026-01-15T00:24:00Z,1788-1-1-GV,,device_not_recording
1768436700000,2026-01-15T00:25:00Z,1788-1-1-GV,,device_not_recording
1768436760000,2026-01-15T00:26:00Z,1788-1-1-GV,,device_not_recording
1768436820000,2026-01-15T00:27:00Z,1788-1-1-GV,,device_not_recording
1768436880000,2026-01-15T00:28:00Z,1788-1-1-GV,,device_not_recording
1768436940000,2026-01-15T00:29:00Z,1788-1-1-GV,,device_not_recording
1768437000000,2026-01-15T00:30:00Z,1788-1-1-GV,,device_not_recording
1768437060000,2026-01-15T00:31:00Z,1788-1-1-GV,,device_not_recording
1768437120000,2026-01-15T00:32:00Z,1788-1-1-GV,,device_not_recording
1768437180000,2026-01-15T00:33:00Z,1788-1-1-GV,,device_not_recording
1768437240000,2026-01-15T00:34:00Z,1788-1-1-GV,,device_not_recording
1768437300000,2026-01-15T00:35:00Z,1788-1-1-GV,,device_not_recording
1768437360000,2026-01-15T00:36:00Z,1788-1-1-GV,,device_not_recording
1768437420000,2026-01-15T00:37:00Z,1788-1-1-GV,,device_not_recording
1768437480000,2026-01-15T00:38:00Z,1788-1-1-GV,,device_not_recording
1768437540000,2026-01-15T00:39:00Z,1788-1-1-GV,,device_not_recording
1768437600000,2026-01-15T00:40:00Z,1788-1-1-GV,,device_not_recording
1768437660000,2026-01-15T00:41:00Z,1788-1-1-GV,,device_not_recording
1768437720000,2026-01-15T00:42:00Z,1788-1-1-GV,,device_not_recording
1768437780000,2026-01-15T00:43:00Z,1788-1-1-GV,,device_not_recording
1768437840000,2026-01-15T00:44:00Z,1788-1-1-GV,,device_not_recording
1768437900000,2026-01-15T00:45:00Z,1788-1-1-GV,,device_not_recording
1768437960000,2026-01-15T00:46:00Z,1788-1-1-GV,,device_not_recording
1768438020000,2026-01-15T00:47:00Z,1788-1-1-GV,,device_not_recording
1768438080000,2026-01-15T00:48:00Z,1788-1-1-GV,,device_not_recording
1768438140000,2026-01-15T00:49:00Z,1788-1-1-GV,,device_not_recording
1768438200000,2026-01-15T00:50:00Z,1788-1-1-GV,,device_not_recording
1768438260000,2026-01-15T00:51:00Z,1788-1-1-GV,,device_not_recording
1768438320000,2026-01-15T00:52:00Z,1788-1-1-GV,,device_not_recording
1768438380000,2026-01-15T00:53:00Z,1788-1-1-GV,,device_not_recording
1768438440000,2026-01-15T00:54:00Z,1788-1-1-GV,,device_not_recording
1768438500000,2026-01-15T00:55:00Z,1788-1-1-GV,,device_not_recording
1768438560000,2026-01-15T00:56:00Z,1788-1-1-GV,,device_not_recording
1768438620000,2026-01-15T00:57:00Z,1788-1-1-GV,,device_not_recording
1768438680000,2026-01-15T00:58:00Z,1788-1-1-GV,,device_not_recording
1768438740000,2026-01-15T00:59:00Z,1788-1-1-GV,,device_not_recording
1768438800000,2026-01-15T01:00:00Z,1788-1-1-GV,,device_not_recording
1768438860000,2026-01-15T01:01:00Z,1788-1-1-GV,,device_not_recording
1768438920000,2026-01-15T01:02:00Z,1788-1-1-GV,,device_not_recording
1768438980000,2026-01-15T01:03:00Z,1788-1-1-GV,,device_not_recording
1768439040000,2026-01-15T01:04:00Z,1788-1-1-GV,,device_not_recording
1768439100000,2026-01-15T01:05:00Z,1788-1-1-GV,,device_not_recording
1768439160000,2026-01-15T01:06:00Z,1788-1-1-GV,,device_not_recording
1768439220000,2026-01-15T01:07:00Z,1788-1-1-GV,,device_not_recording
1768439280000,2026-01-15T01:08:00Z,1788-1-1-GV,,device_not_recording
1768439340000,2026-01-15T01:09:00Z,1788-1-1-GV,,device_not_recording
1768439400000,2026-01-15T01:10:00Z,1788-1-1-GV,,device_not_recording
1768439460000,2026-01-15T01:11:00Z,1788-1-1-GV,,device_not_recording
1768439520000,2026-01-15T01:12:00Z,1788-1-1-GV,,device_not_recording
1768439580000,2026-01-15T01:13:00Z,1788-1-1-GV,,device_not_recording
1768439640000,2026-01-15T01:14:00Z,1788-1-1-GV,,device_not_recording
1768439700000,2026-01-15T01:15:00Z,1788-1-1-GV,,device_not_recording
1768439760000,2026-01-15T01:16:00Z,1788-1-1-GV,,device_not_recording
1768439820000,2026-01-15T01:17:00Z,1788-1-1-GV,,device_not_recording
1768439880000,2026-01-15T01:18:00Z,1788-1-1-GV,,device_not_recording
1768439940000,2026-01-15T01:19:00Z,1788-1-1-GV,,device_not_recording
1768440000000,2026-01-15T01:20:00Z,1788-1-1-GV,,device_not_recording
1768440060000,2026-01-15T01:21:00Z,1788-1-1-GV,,device_not_recording
1768440120000,2026-01-15T01:22:00Z,1788-1-1-GV,,device_not_recording
1768440180000,2026-01-15T01:23:00Z,1788-1-1-GV,,device_not_recording
1768440240000,2026-01-15T01:24:00Z,1788-1-1-GV,,device_not_recording
1768440300000,2026-01-15T01:25:00Z,1788-1-1-GV,,device_not_recording
1768440360000,2026-01-15T01:26:00Z,1788-1-1-GV,,device_not_recording
1768440420000,2026-01-15T01:27:00Z,1788-1-1-GV,,device_not_recording
1768440480000,2026-01-15T01:28:00Z,1788-1-1-GV,,device_not_recording
1768440540000,2026-01-15T01:29:00Z,1788-1-1-GV,,device_not_recording
1768440600000,2026-01-15T01:30:00Z,1788-1-1-GV,,device_not_recording
1768440660000,2026-01-15T01:31:00Z,1788-1-1-GV,,device_not_recording
1768440720000,2026-01-15T01:32:00Z,1788-1-1-GV,,device_not_recording
1768440780000,2026-01-15T01:33:00Z,1788-1-1-GV,,device_not_recording
1768440840000,2026-01-15T01:34:00Z,1788-1-1-GV,,device_not_recording
1768440900000,2026-01-15T01:35:00Z,1788-1-1-GV,,device_not_recording
1768440960000,2026-01-15T01:36:00Z,1788-1-1-GV,,device_not_recording
1768441020000,2026-01-15T01:37:00Z,1788-1-1-GV,,device_not_recording
1768441080000,2026-01-15T01:38:00Z,1788-1-1-GV,,device_not_recording
1768441140000,2026-01-15T01:39:00Z,1788-1-1-GV,,device_not_recording
1768441200000,2026-01-15T01:40:00Z,1788-1-1-GV,,device_not_recording
1768441260000,2026-01-15T01:41:00Z,1788-1-1-GV,,device_not_recording
1768441320000,2026-01-15T01:42:00Z,1788-1-1-GV,,device_not_recording
1768441380000,2026-01-15T01:43:00Z,1788-1-1-GV,,device_not_recording
1768441440000,2026-01-15T01:44:00Z,1788-1-1-GV,,device_not_recording
1768441500000,2026-01-15T01:45:00Z,1788-1-1-GV,,device_not_recording
1768441560000,2026-01-15T01:46:00Z,1788-1-1-GV,,device_not_recording
1768441620000,2026-01-15T01:47:00Z,1788-1-1-GV,,device_not_recording
1768441680000,2026-01-15T01:48:00Z,1788-1-1-GV,,device_not_recording
1768441740000,2026-01-15T01:49:00Z,1788-1-1-GV,,device_not_recording
1768441800000,2026-01-15T01:50:00Z,1788-1-1-GV,,device_not_recording
1768441860000,2026-01-15T01:51:00Z,1788-1-1-GV,,device_not_recording
1768441920000,2026-01-15T01:52:00Z,1788-1-1-GV,,device_not_recording
1768441980000,2026-01-15T01:53:00Z,1788-1-1-GV,,device_not_recording
1768442040000,2026-01-15T01:54:00Z,1788-1-1-GV,,device_not_recording
1768442100000,2026-01-15T01:55:00Z,1788-1-1-GV,,device_not_recording
1768442160000,2026-01-15T01:56:00Z,1788-1-1-GV,,device_not_recording
1768442220000,2026-01-15T01:57:00Z,1788-1-1-GV,,device_not_recording
1768442280000,2026-01-15T01:58:00Z,1788-1-1-GV,,device_not_recording
1768442340000,2026-01-15T01:59:00Z,1788-1-1-GV,,device_not_recording
1768442400000,2026-01-15T02:00:00Z,1788-1-1-GV,,device_not_recording
1768442460000,2026-01-15T02:01:00Z,1788-1-1-GV,,device_not_recording
1768442520000,2026-01-15T02:02:00Z,1788-1-1-GV,,device_not_recording
1768442580000,2026-01-15T02:03:00Z,1788-1-1-GV,,device_not_recording
1768442640000,2026-01-15T02:04:00Z,1788-1-1-GV,,device_not_recording
1768442700000,2026-01-15T02:05:00Z,1788-1-1-GV,,device_not_recording
1768442760000,2026-01-15T02:06:00Z,1788-1-1-GV,,device_not_recording
1768442820000,2026-01-15T02:07:00Z,1788-1-1-GV,,device_not_recording
1768442880000,2026-01-15T02:08:00Z,1788-1-1-GV,,device_not_recording
1768442940000,2026-01-15T02:09:00Z,1788-1-1-GV,,device_not_recording
1768443000000,2026-01-15T02:10:00Z,1788-1-1-GV,,device_not_recording
1768443060000,2026-01-15T02:11:00Z,1788-1-1-GV,,device_not_recording
1768443120000,2026-01-15T02:12:00Z,1788-1-1-GV,,device_not_recording
1768443180000,2026-01-15T02:13:00Z,1788-1-1-GV,,device_not_recording
1768443240000,2026-01-15T02:14:00Z,1788-1-1-GV,,device_not_recording
1768443300000,2026-01-15T02:15:00Z,1788-1-1-GV,,device_not_recording
1768443360000,2026-01-15T02:16:00Z,1788-1-1-GV,,device_not_recording
1768443420000,2026-01-15T02:17:00Z,1788-1-1-GV,,device_not_recording
1768443480000,2026-01-15T02:18:00Z,1788-1-1-GV,,device_not_recording
1768443540000,2026-01-15T02:19:00Z,1788-1-1-GV,,device_not_recording
1768443600000,2026-01-15T02:20:00Z,1788-1-1-GV,,device_not_recording
1768443660000,2026-01-15T02:21:00Z,1788-1-1-GV,,device_not_recording
1768443720000,2026-01-15T02:22:00Z,1788-1-1-GV,,device_not_recording
1768443780000,2026-01-15T02:23:00Z,1788-1-1-GV,,device_not_recording
1768443840000,2026-01-15T02:24:00Z,1788-1-1-GV,,device_not_recording
1768443900000,2026-01-15T02:25:00Z,1788-1-1-GV,,device_not_recording
1768443960000,2026-01-15T02:26:00Z,1788-1-1-GV,,device_not_recording
1768444020000,2026-01-15T02:27:00Z,1788-1-1-GV,,device_not_recording
1768444080000,2026-01-15T02:28:00Z,1788-1-1-GV,,device_not_recording
1768444140000,2026-01-15T02:29:00Z,1788-1-1-GV,,device_not_recording
1768444200000,2026-01-15T02:30:00Z,1788-1-1-GV,,device_not_recording
1768444260000,2026-01-15T02:31:00Z,1788-1-1-GV,,device_not_recording
1768444320000,2026-01-15T02:32:00Z,1788-1-1-GV,,device_not_recording
1768444380000,2026-01-15T02:33:00Z,1788-1-1-GV,,device_not_recording
1768444440000,2026-01-15T02:34:00Z,1788-1-1-GV,,device_not_recording
1768444500000,2026-01-15T02:35:00Z,1788-1-1-GV,,device_not_recording
1768444560000,2026-01-15T02:36:00Z,1788-1-1-GV,,device_not_recording
1768444620000,2026-01-15T02:37:00Z,1788-1-1-GV,,device_not_recording
1768444680000,2026-01-15T02:38:00Z,1788-1-1-GV,,device_not_recording
1768444740000,2026-01-15T02:39:00Z,1788-1-1-GV,,device_not_recording
1768444800000,2026-01-15T02:40:00Z,1788-1-1-GV,,device_not_recording
1768444860000,2026-01-15T02:41:00Z,1788-1-1-GV,,device_not_recording
1768444920000,2026-01-15T02:42:00Z,1788-1-1-GV,,device_not_recording
1768444980000,2026-01-15T02:43:00Z,1788-1-1-GV,,device_not_recording
1768445040000,2026-01-15T02:44:00Z,1788-1-1-GV,,device_not_recording
1768445100000,2026-01-15T02:45:00Z,1788-1-1-GV,,device_not_recording
1768445160000,2026-01-15T02:46:00Z,1788-1-1-GV,,device_not_recording
1768445220000,2026-01-15T02:47:00Z,1788-1-1-GV,,device_not_recording
1768445280000,2026-01-15T02:48:00Z,1788-1-1-GV,,device_not_recording
1768445340000,2026-01-15T02:49:00Z,1788-1-1-GV,,device_not_recording
1768445400000,2026-01-15T02:50:00Z,1788-1-1-GV,,device_not_recording
1768445460000,2026-01-15T02:51:00Z,1788-1-1-GV,,device_not_recording
1768445520000,2026-01-15T02:52:00Z,1788-1-1-GV,,device_not_recording
1768445580000,2026-01-15T02:53:00Z,1788-1-1-GV,,device_not_recording
1768445640000,2026-01-15T02:54:00Z,1788-1-1-GV,,device_not_recording
1768445700000,2026-01-15T02:55:00Z,1788-1-1-GV,,device_not_recording
1768445760000,2026-01-15T02:56:00Z,1788-1-1-GV,,device_not_recording
1768445820000,2026-01-15T02:57:00Z,1788-1-1-GV,,device_not_recording
1768445880000,2026-01-15T02:58:00Z,1788-1-1-GV,,device_not_recording
1768445940000,2026-01-15T02:59:00Z,1788-1-1-GV,,device_not_recording
1768446000000,2026-01-15T03:00:00Z,1788-1-1-GV,,device_not_recording
1768446060000,2026-01-15T03:01:00Z,1788-1-1-GV,,device_not_recording
1768446120000,2026-01-15T03:02:00Z,1788-1-1-GV,,device_not_recording
1768446180000,2026-01-15T03:03:00Z,1788-1-1-GV,,device_not_recording
1768446240000,2026-01-15T03:04:00Z,1788-1-1-GV,,device_not_recording
1768446300000,2026-01-15T03:05:00Z,1788-1-1-GV,,device_not_recording
1768446360000,2026-01-15T03:06:00Z,1788-1-1-GV,,device_not_recording
1768446420000,2026-01-15T03:07:00Z,1788-1-1-GV,,device_not_recording
1768446480000,2026-01-15T03:08:00Z,1788-1-1-GV,,device_not_recording
1768446540000,2026-01-15T03:09:00Z,1788-1-1-GV,,device_not_recording
1768446600000,2026-01-15T03:10:00Z,1788-1-1-GV,,device_not_recording
1768446660000,2026-01-15T03:11:00Z,1788-1-1-GV,,device_not_recording
1768446720000,2026-01-15T03:12:00Z,1788-1-1-GV,,device_not_recording
1768446780000,2026-01-15T03:13:00Z,1788-1-1-GV,,device_not_recording
1768446840000,2026-01-15T03:14:00Z,1788-1-1-GV,,device_not_recording
1768446900000,2026-01-15T03:15:00Z,1788-1-1-GV,,device_not_recording
1768446960000,2026-01-15T03:16:00Z,1788-1-1-GV,,device_not_recording
1768447020000,2026-01-15T03:17:00Z,1788-1-1-GV,,device_not_recording
1768447080000,2026-01-15T03:18:00Z,1788-1-1-GV,,device_not_recording
1768447140000,2026-01-15T03:19:00Z,1788-1-1-GV,,device_not_recording
1768447200000,2026-01-15T03:20:00Z,1788-1-1-GV,,device_not_recording
1768447260000,2026-01-15T03:21:00Z,1788-1-1-GV,,device_not_recording
1768447320000,2026-01-15T03:22:00Z,1788-1-1-GV,,device_not_recording
1768447380000,2026-01-15T03:23:00Z,1788-1-1-GV,,device_not_recording
1768447440000,2026-01-15T03:24:00Z,1788-1-1-GV,,device_not_recording
1768447500000,2026-01-15T03:25:00Z,1788-1-1-GV,,device_not_recording
1768447560000,2026-01-15T03:26:00Z,1788-1-1-GV,,device_not_recording
1768447620000,2026-01-15T03:27:00Z,1788-1-1-GV,,device_not_recording
1768447680000,2026-01-15T03:28:00Z,1788-1-1-GV,,device_not_recording
1768447740000,2026-01-15T03:29:00Z,1788-1-1-GV,,device_not_recording
1768447800000,2026-01-15T03:30:00Z,1788-1-1-GV,,device_not_recording
1768447860000,2026-01-15T03:31:00Z,1788-1-1-GV,,device_not_recording
1768447920000,2026-01-15T03:32:00Z,1788-1-1-GV,,device_not_recording
1768447980000,2026-01-15T03:33:00Z,1788-1-1-GV,,device_not_recording
1768448040000,2026-01-15T03:34:00Z,1788-1-1-GV,,device_not_recording
1768448100000,2026-01-15T03:35:00Z,1788-1-1-GV,,device_not_recording
1768448160000,2026-01-15T03:36:00Z,1788-1-1-GV,,device_not_recording
1768448220000,2026-01-15T03:37:00Z,1788-1-1-GV,,device_not_recording
1768448280000,2026-01-15T03:38:00Z,1788-1-1-GV,,device_not_recording
1768448340000,2026-01-15T03:39:00Z,1788-1-1-GV,,device_not_recording
1768448400000,2026-01-15T03:40:00Z,1788-1-1-GV,,device_not_recording
1768448460000,2026-01-15T03:41:00Z,1788-1-1-GV,,device_not_recording
1768448520000,2026-01-15T03:42:00Z,1788-1-1-GV,,device_not_recording
1768448580000,2026-01-15T03:43:00Z,1788-1-1-GV,,device_not_recording
1768448640000,2026-01-15T03:44:00Z,1788-1-1-GV,,device_not_recording
1768448700000,2026-01-15T03:45:00Z,1788-1-1-GV,,device_not_recording
1768448760000,2026-01-15T03:46:00Z,1788-1-1-GV,,device_not_recording
1768448820000,2026-01-15T03:47:00Z,1788-1-1-GV,,device_not_recording
1768448880000,2026-01-15T03:48:00Z,1788-1-1-GV,,device_not_recording
1768448940000,2026-01-15T03:49:00Z,1788-1-1-GV,,device_not_recording
1768449000000,2026-01-15T03:50:00Z,1788-1-1-GV,,device_not_recording
1768449060000,2026-01-15T03:51:00Z,1788-1-1-GV,,device_not_recording
1768449120000,2026-01-15T03:52:00Z,1788-1-1-GV,,device_not_recording
1768449180000,2026-01-15T03:53:00Z,1788-1-1-GV,,device_not_recording
1768449240000,2026-01-15T03:54:00Z,1788-1-1-GV,,device_not_recording
1768449300000,2026-01-15T03:55:00Z,1788-1-1-GV,,device_not_recording
1768449360000,2026-01-15T03:56:00Z,1788-1-1-GV,,device_not_recording
1768449420000,2026-01-15T03:57:00Z,1788-1-1-GV,,device_not_recording
1768449480000,2026-01-15T03:58:00Z,1788-1-1-GV,,device_not_recording
1768449540000,2026-01-15T03:59:00Z,1788-1-1-GV,,device_not_recording
1768449600000,2026-01-15T04:00:00Z,1788-1-1-GV,,device_not_recording
1768449660000,2026-01-15T04:01:00Z,1788-1-1-GV,,device_not_recording
1768449720000,2026-01-15T04:02:00Z,1788-1-1-GV,,device_not_recording
1768449780000,2026-01-15T04:03:00Z,1788-1-1-GV,,device_not_recording
1768449840000,2026-01-15T04:04:00Z,1788-1-1-GV,,device_not_recording
1768449900000,2026-01-15T04:05:00Z,1788-1-1-GV,,device_not_recording
1768449960000,2026-01-15T04:06:00Z,1788-1-1-GV,,device_not_recording
1768450020000,2026-01-15T04:07:00Z,1788-1-1-GV,,device_not_recording
1768450080000,2026-01-15T04:08:00Z,1788-1-1-GV,,device_not_recording
1768450140000,2026-01-15T04:09:00Z,1788-1-1-GV,,device_not_recording
1768450200000,2026-01-15T04:10:00Z,1788-1-1-GV,,device_not_recording
1768450260000,2026-01-15T04:11:00Z,1788-1-1-GV,,device_not_recording
1768450320000,2026-01-15T04:12:00Z,1788-1-1-GV,,device_not_recording
1768450380000,2026-01-15T04:13:00Z,1788-1-1-GV,,device_not_recording
1768450440000,2026-01-15T04:14:00Z,1788-1-1-GV,,device_not_recording
1768450500000,2026-01-15T04:15:00Z,1788-1-1-GV,,device_not_recording
1768450560000,2026-01-15T04:16:00Z,1788-1-1-GV,,device_not_recording
1768450620000,2026-01-15T04:17:00Z,1788-1-1-GV,,device_not_recording
1768450680000,2026-01-15T04:18:00Z,1788-1-1-GV,,device_not_recording
1768450740000,2026-01-15T04:19:00Z,1788-1-1-GV,,device_not_recording
1768450800000,2026-01-15T04:20:00Z,1788-1-1-GV,,device_not_recording
1768450860000,2026-01-15T04:21:00Z,1788-1-1-GV,,device_not_recording
1768450920000,2026-01-15T04:22:00Z,1788-1-1-GV,,device_not_recording
1768450980000,2026-01-15T04:23:00Z,1788-1-1-GV,,device_not_recording
1768451040000,2026-01-15T04:24:00Z,1788-1-1-GV,,device_not_recording
1768451100000,2026-01-15T04:25:00Z,1788-1-1-GV,,device_not_recording
1768451160000,2026-01-15T04:26:00Z,1788-1-1-GV,,device_not_recording
1768451220000,2026-01-15T04:27:00Z,1788-1-1-GV,,device_not_recording
1768451280000,2026-01-15T04:28:00Z,1788-1-1-GV,,device_not_recording
1768451340000,2026-01-15T04:29:00Z,1788-1-1-GV,,device_not_recording
1768451400000,2026-01-15T04:30:00Z,1788-1-1-GV,,device_not_recording
1768451460000,2026-01-15T04:31:00Z,1788-1-1-GV,,device_not_recording
1768451520000,2026-01-15T04:32:00Z,1788-1-1-GV,,device_not_recording
1768451580000,2026-01-15T04:33:00Z,1788-1-1-GV,,device_not_recording
1768451640000,2026-01-15T04:34:00Z,1788-1-1-GV,,device_not_recording
1768451700000,2026-01-15T04:35:00Z,1788-1-1-GV,,device_not_recording
1768451760000,2026-01-15T04:36:00Z,1788-1-1-GV,,device_not_recording
1768451820000,2026-01-15T04:37:00Z,1788-1-1-GV,,device_not_recording
1768451880000,2026-01-15T04:38:00Z,1788-1-1-GV,,device_not_recording
1768451940000,2026-01-15T04:39:00Z,1788-1-1-GV,,device_not_recording
1768452000000,2026-01-15T04:40:00Z,1788-1-1-GV,,device_not_recording
1768452060000,2026-01-15T04:41:00Z,1788-1-1-GV,,device_not_recording
1768452120000,2026-01-15T04:42:00Z,1788-1-1-GV,,device_not_recording
1768452180000,2026-01-15T04:43:00Z,1788-1-1-GV,,device_not_recording
1768452240000,2026-01-15T04:44:00Z,1788-1-1-GV,,device_not_recording
1768452300000,2026-01-15T04:45:00Z,1788-1-1-GV,,device_not_recording
1768452360000,2026-01-15T04:46:00Z,1788-1-1-GV,,device_not_recording
1768452420000,2026-01-15T04:47:00Z,1788-1-1-GV,,device_not_recording
1768452480000,2026-01-15T04:48:00Z,1788-1-1-GV,,device_not_recording
1768452540000,2026-01-15T04:49:00Z,1788-1-1-GV,,device_not_recording
1768452600000,2026-01-15T04:50:00Z,1788-1-1-GV,,device_not_recording
1768452660000,2026-01-15T04:51:00Z,1788-1-1-GV,,device_not_recording
1768452720000,2026-01-15T04:52:00Z,1788-1-1-GV,,device_not_recording
1768452780000,2026-01-15T04:53:00Z,1788-1-1-GV,,device_not_recording
1768452840000,2026-01-15T04:54:00Z,1788-1-1-GV,,device_not_recording
1768452900000,2026-01-15T04:55:00Z,1788-1-1-GV,,device_not_recording
1768452960000,2026-01-15T04:56:00Z,1788-1-1-GV,,device_not_recording
1768453020000,2026-01-15T04:57:00Z,1788-1-1-GV,,device_not_recording
1768453080000,2026-01-15T04:58:00Z,1788-1-1-GV,,device_not_recording
1768453140000,2026-01-15T04:59:00Z,1788-1-1-GV,,device_not_recording
1768453200000,2026-01-15T05:00:00Z,1788-1-1-GV,,device_not_recording
1768453260000,2026-01-15T05:01:00Z,1788-1-1-GV,,device_not_recording
1768453320000,2026-01-15T05:02:00Z,1788-1-1-GV,,device_not_recording
1768453380000,2026-01-15T05:03:00Z,1788-1-1-GV,,device_not_recording
1768453440000,2026-01-15T05:04:00Z,1788-1-1-GV,,device_not_recording
1768453500000,2026-01-15T05:05:00Z,1788-1-1-GV,,device_not_recording
1768453560000,2026-01-15T05:06:00Z,1788-1-1-GV,,device_not_recording
1768453620000,2026-01-15T05:07:00Z,1788-1-1-GV,,device_not_recording
1768453680000,2026-01-15T05:08:00Z,1788-1-1-GV,,device_not_recording
1768453740000,2026-01-15T05:09:00Z,1788-1-1-GV,,device_not_recording
1768453800000,2026-01-15T05:10:00Z,1788-1-1-GV,,device_not_recording
1768453860000,2026-01-15T05:11:00Z,1788-1-1-GV,,device_not_recording
1768453920000,2026-01-15T05:12:00Z,1788-1-1-GV,,device_not_recording
1768453980000,2026-01-15T05:13:00Z,1788-1-1-GV,,device_not_recording
1768454040000,2026-01-15T05:14:00Z,1788-1-1-GV,,device_not_recording
1768454100000,2026-01-15T05:15:00Z,1788-1-1-GV,,device_not_recording
1768454160000,2026-01-15T05:16:00Z,1788-1-1-GV,,device_not_recording
1768454220000,2026-01-15T05:17:00Z,1788-1-1-GV,,device_not_recording
1768454280000,2026-01-15T05:18:00Z,1788-1-1-GV,,device_not_recording
1768454340000,2026-01-15T05:19:00Z,1788-1-1-GV,,device_not_recording
1768454400000,2026-01-15T05:20:00Z,1788-1-1-GV,,device_not_recording
1768454460000,2026-01-15T05:21:00Z,1788-1-1-GV,,device_not_recording
1768454520000,2026-01-15T05:22:00Z,1788-1-1-GV,,device_not_recording
1768454580000,2026-01-15T05:23:00Z,1788-1-1-GV,,device_not_recording
1768454640000,2026-01-15T05:24:00Z,1788-1-1-GV,,device_not_recording
1768454700000,2026-01-15T05:25:00Z,1788-1-1-GV,,device_not_recording
1768454760000,2026-01-15T05:26:00Z,1788-1-1-GV,,device_not_recording
1768454820000,2026-01-15T05:27:00Z,1788-1-1-GV,,device_not_recording
1768454880000,2026-01-15T05:28:00Z,1788-1-1-GV,,device_not_recording
1768454940000,2026-01-15T05:29:00Z,1788-1-1-GV,,device_not_recording
1768455000000,2026-01-15T05:30:00Z,1788-1-1-GV,,device_not_recording
1768455060000,2026-01-15T05:31:00Z,1788-1-1-GV,,device_not_recording
1768455120000,2026-01-15T05:32:00Z,1788-1-1-GV,,device_not_recording
1768455180000,2026-01-15T05:33:00Z,1788-1-1-GV,,device_not_recording
1768455240000,2026-01-15T05:34:00Z,1788-1-1-GV,,device_not_recording
1768455300000,2026-01-15T05:35:00Z,1788-1-1-GV,,device_not_recording
1768455360000,2026-01-15T05:36:00Z,1788-1-1-GV,,device_not_recording
1768455420000,2026-01-15T05:37:00Z,1788-1-1-GV,,device_not_recording
1768455480000,2026-01-15T05:38:00Z,1788-1-1-GV,,device_not_recording
1768455540000,2026-01-15T05:39:00Z,1788-1-1-GV,,device_not_recording
1768455600000,2026-01-15T05:40:00Z,1788-1-1-GV,,device_not_recording
1768455660000,2026-01-15T05:41:00Z,1788-1-1-GV,,device_not_recording
1768455720000,2026-01-15T05:42:00Z,1788-1-1-GV,,device_not_recording
1768455780000,2026-01-15T05:43:00Z,1788-1-1-GV,,device_not_recording
1768455840000,2026-01-15T05:44:00Z,1788-1-1-GV,,device_not_recording
1768455900000,2026-01-15T05:45:00Z,1788-1-1-GV,,device_not_recording
1768455960000,2026-01-15T05:46:00Z,1788-1-1-GV,,device_not_recording
1768456020000,2026-01-15T05:47:00Z,1788-1-1-GV,,device_not_recording
1768456080000,2026-01-15T05:48:00Z,1788-1-1-GV,,device_not_recording
1768456140000,2026-01-15T05:49:00Z,1788-1-1-GV,,device_not_recording
1768456200000,2026-01-15T05:50:00Z,1788-1-1-GV,,device_not_recording
1768456260000,2026-01-15T05:51:00Z,1788-1-1-GV,,device_not_recording
1768456320000,2026-01-15T05:52:00Z,1788-1-1-GV,,device_not_recording
1768456380000,2026-01-15T05:53:00Z,1788-1-1-GV,,device_not_recording
1768456440000,2026-01-15T05:54:00Z,1788-1-1-GV,,device_not_recording
1768456500000,2026-01-15T05:55:00Z,1788-1-1-GV,,device_not_recording
1768456560000,2026-01-15T05:56:00Z,1788-1-1-GV,,device_not_recording
1768456620000,2026-01-15T05:57:00Z,1788-1-1-GV,,device_not_recording
1768456680000,2026-01-15T05:58:00Z,1788-1-1-GV,,device_not_recording
1768456740000,2026-01-15T05:59:00Z,1788-1-1-GV,,device_not_recording
1768456800000,2026-01-15T06:00:00Z,1788-1-1-GV,,device_not_recording
1768456860000,2026-01-15T06:01:00Z,1788-1-1-GV,,device_not_recording
1768456920000,2026-01-15T06:02:00Z,1788-1-1-GV,,device_not_recording
1768456980000,2026-01-15T06:03:00Z,1788-1-1-GV,,device_not_recording
1768457040000,2026-01-15T06:04:00Z,1788-1-1-GV,,device_not_recording
1768457100000,2026-01-15T06:05:00Z,1788-1-1-GV,,device_not_recording
1768457160000,2026-01-15T06:06:00Z,1788-1-1-GV,,device_not_recording
1768457220000,2026-01-15T06:07:00Z,1788-1-1-GV,,device_not_recording
1768457280000,2026-01-15T06:08:00Z,1788-1-1-GV,,device_not_recording
1768457340000,2026-01-15T06:09:00Z,1788-1-1-GV,,device_not_recording
1768457400000,2026-01-15T06:10:00Z,1788-1-1-GV,,device_not_recording
1768457460000,2026-01-15T06:11:00Z,1788-1-1-GV,,device_not_recording
1768457520000,2026-01-15T06:12:00Z,1788-1-1-GV,,device_not_recording
1768457580000,2026-01-15T06:13:00Z,1788-1-1-GV,,device_not_recording
1768457640000,2026-01-15T06:14:00Z,1788-1-1-GV,,device_not_recording
1768457700000,2026-01-15T06:15:00Z,1788-1-1-GV,,device_not_recording
1768457760000,2026-01-15T06:16:00Z,1788-1-1-GV,,device_not_recording
1768457820000,2026-01-15T06:17:00Z,1788-1-1-GV,,device_not_recording
1768457880000,2026-01-15T06:18:00Z,1788-1-1-GV,,device_not_recording
1768457940000,2026-01-15T06:19:00Z,1788-1-1-GV,,device_not_recording
1768458000000,2026-01-15T06:20:00Z,1788-1-1-GV,,device_not_recording
1768458060000,2026-01-15T06:21:00Z,1788-1-1-GV,,device_not_recording
1768458120000,2026-01-15T06:22:00Z,1788-1-1-GV,,device_not_recording
1768458180000,2026-01-15T06:23:00Z,1788-1-1-GV,,device_not_recording
1768458240000,2026-01-15T06:24:00Z,1788-1-1-GV,,device_not_recording
1768458300000,2026-01-15T06:25:00Z,1788-1-1-GV,,device_not_recording
1768458360000,2026-01-15T06:26:00Z,1788-1-1-GV,,device_not_recording
1768458420000,2026-01-15T06:27:00Z,1788-1-1-GV,,device_not_recording
1768458480000,2026-01-15T06:28:00Z,1788-1-1-GV,,device_not_recording
1768458540000,2026-01-15T06:29:00Z,1788-1-1-GV,,device_not_recording
1768458600000,2026-01-15T06:30:00Z,1788-1-1-GV,,device_not_recording
1768458660000,2026-01-15T06:31:00Z,1788-1-1-GV,,device_not_recording
1768458720000,2026-01-15T06:32:00Z,1788-1-1-GV,,device_not_recording
1768458780000,2026-01-15T06:33:00Z,1788-1-1-GV,,device_not_recording
1768458840000,2026-01-15T06:34:00Z,1788-1-1-GV,,device_not_recording
1768458900000,2026-01-15T06:35:00Z,1788-1-1-GV,,device_not_recording
1768458960000,2026-01-15T06:36:00Z,1788-1-1-GV,,device_not_recording
1768459020000,2026-01-15T06:37:00Z,1788-1-1-GV,,device_not_recording
1768459080000,2026-01-15T06:38:00Z,1788-1-1-GV,,device_not_recording
1768459140000,2026-01-15T06:39:00Z,1788-1-1-GV,,device_not_recording
1768459200000,2026-01-15T06:40:00Z,1788-1-1-GV,,device_not_recording
1768459260000,2026-01-15T06:41:00Z,1788-1-1-GV,,device_not_recording
1768459320000,2026-01-15T06:42:00Z,1788-1-1-GV,,device_not_recording
1768459380000,2026-01-15T06:43:00Z,1788-1-1-GV,,device_not_recording
1768459440000,2026-01-15T06:44:00Z,1788-1-1-GV,,device_not_recording
1768459500000,2026-01-15T06:45:00Z,1788-1-1-GV,,device_not_recording
1768459560000,2026-01-15T06:46:00Z,1788-1-1-GV,,device_not_recording
1768459620000,2026-01-15T06:47:00Z,1788-1-1-GV,,device_not_recording
1768459680000,2026-01-15T06:48:00Z,1788-1-1-GV,,device_not_recording
1768459740000,2026-01-15T06:49:00Z,1788-1-1-GV,,device_not_recording
1768459800000,2026-01-15T06:50:00Z,1788-1-1-GV,,device_not_recording
1768459860000,2026-01-15T06:51:00Z,1788-1-1-GV,,device_not_recording
1768459920000,2026-01-15T06:52:00Z,1788-1-1-GV,,device_not_recording
1768459980000,2026-01-15T06:53:00Z,1788-1-1-GV,,device_not_recording
1768460040000,2026-01-15T06:54:00Z,1788-1-1-GV,,device_not_recording
1768460100000,2026-01-15T06:55:00Z,1788-1-1-GV,,device_not_recording
1768460160000,2026-01-15T06:56:00Z,1788-1-1-GV,,device_not_recording
1768460220000,2026-01-15T06:57:00Z,1788-1-1-GV,,device_not_recording
1768460280000,2026-01-15T06:58:00Z,1788-1-1-GV,,device_not_recording
1768460340000,2026-01-15T06:59:00Z,1788-1-1-GV,,device_not_recording
1768460400000,2026-01-15T07:00:00Z,1788-1-1-GV,,device_not_recording
1768460460000,2026-01-15T07:01:00Z,1788-1-1-GV,,device_not_recording
1768460520000,2026-01-15T07:02:00Z,1788-1-1-GV,,device_not_recording
1768460580000,2026-01-15T07:03:00Z,1788-1-1-GV,,device_not_recording
1768460640000,2026-01-15T07:04:00Z,1788-1-1-GV,,device_not_recording
1768460700000,2026-01-15T07:05:00Z,1788-1-1-GV,,device_not_recording
1768460760000,2026-01-15T07:06:00Z,1788-1-1-GV,,device_not_recording
1768460820000,2026-01-15T07:07:00Z,1788-1-1-GV,,device_not_recording
1768460880000,2026-01-15T07:08:00Z,1788-1-1-GV,,device_not_recording
1768460940000,2026-01-15T07:09:00Z,1788-1-1-GV,,device_not_recording
1768461000000,2026-01-15T07:10:00Z,1788-1-1-GV,,device_not_recording
1768461060000,2026-01-15T07:11:00Z,1788-1-1-GV,,device_not_recording
1768461120000,2026-01-15T07:12:00Z,1788-1-1-GV,,device_not_recording
1768461180000,2026-01-15T07:13:00Z,1788-1-1-GV,,device_not_recording
1768461240000,2026-01-15T07:14:00Z,1788-1-1-GV,,device_not_recording
1768461300000,2026-01-15T07:15:00Z,1788-1-1-GV,,device_not_recording
1768461360000,2026-01-15T07:16:00Z,1788-1-1-GV,,device_not_recording
1768461420000,2026-01-15T07:17:00Z,1788-1-1-GV,,device_not_recording
1768461480000,2026-01-15T07:18:00Z,1788-1-1-GV,,device_not_recording
1768461540000,2026-01-15T07:19:00Z,1788-1-1-GV,,device_not_recording
1768461600000,2026-01-15T07:20:00Z,1788-1-1-GV,,device_not_recording
1768461660000,2026-01-15T07:21:00Z,1788-1-1-GV,,device_not_recording
1768461720000,2026-01-15T07:22:00Z,1788-1-1-GV,,device_not_recording
1768461780000,2026-01-15T07:23:00Z,1788-1-1-GV,,device_not_recording
1768461840000,2026-01-15T07:24:00Z,1788-1-1-GV,,device_not_recording
1768461900000,2026-01-15T07:25:00Z,1788-1-1-GV,,device_not_recording
1768461960000,2026-01-15T07:26:00Z,1788-1-1-GV,,device_not_recording
1768462020000,2026-01-15T07:27:00Z,1788-1-1-GV,,device_not_recording
1768462080000,2026-01-15T07:28:00Z,1788-1-1-GV,,device_not_recording
1768462140000,2026-01-15T07:29:00Z,1788-1-1-GV,,device_not_recording
1768462200000,2026-01-15T07:30:00Z,1788-1-1-GV,,device_not_recording
1768462260000,2026-01-15T07:31:00Z,1788-1-1-GV,,device_not_recording
1768462320000,2026-01-15T07:32:00Z,1788-1-1-GV,,device_not_recording
1768462380000,2026-01-15T07:33:00Z,1788-1-1-GV,,device_not_recording
1768462440000,2026-01-15T07:34:00Z,1788-1-1-GV,,device_not_recording
1768462500000,2026-01-15T07:35:00Z,1788-1-1-GV,,device_not_recording
1768462560000,2026-01-15T07:36:00Z,1788-1-1-GV,,device_not_recording
1768462620000,2026-01-15T07:37:00Z,1788-1-1-GV,,device_not_recording
1768462680000,2026-01-15T07:38:00Z,1788-1-1-GV,,device_not_recording
1768462740000,2026-01-15T07:39:00Z,1788-1-1-GV,,device_not_recording
1768462800000,2026-01-15T07:40:00Z,1788-1-1-GV,,device_not_recording
1768462860000,2026-01-15T07:41:00Z,1788-1-1-GV,,device_not_recording
1768462920000,2026-01-15T07:42:00Z,1788-1-1-GV,,device_not_recording
1768462980000,2026-01-15T07:43:00Z,1788-1-1-GV,,device_not_worn_correctly
1768463040000,2026-01-15T07:44:00Z,1788-1-1-GV,,device_not_worn_correctly
1768463100000,2026-01-15T07:45:00Z,1788-1-1-GV,,device_not_worn_correctly
1768463160000,2026-01-15T07:46:00Z,1788-1-1-GV,,device_not_worn_correctly
1768463220000,2026-01-15T07:47:00Z,1788-1-1-GV,,device_not_worn_correctly
1768463280000,2026-01-15T07:48:00Z,1788-1-1-GV,,device_not_worn_correctly
1768463340000,2026-01-15T07:49:00Z,1788-1-1-GV,,device_not_recording
1768463400000,2026-01-15T07:50:00Z,1788-1-1-GV,,device_not_recording
1768463460000,2026-01-15T07:51:00Z,1788-1-1-GV,,device_not_recording
1768463520000,2026-01-15T07:52:00Z,1788-1-1-GV,,device_not_worn_correctly
1768463580000,2026-01-15T07:53:00Z,1788-1-1-GV,,device_not_worn_correctly
1768463640000,2026-01-15T07:54:00Z,1788-1-1-GV,,device_not_worn_correctly
1768463700000,2026-01-15T07:55:00Z,1788-1-1-GV,,device_not_worn_correctly
1768463760000,2026-01-15T07:56:00Z,1788-1-1-GV,,device_not_worn_correctly
1768463820000,2026-01-15T07:57:00Z,1788-1-1-GV,,device_not_worn_correctly
1768463880000,2026-01-15T07:58:00Z,1788-1-1-GV,,device_not_worn_correctly
1768463940000,2026-01-15T07:59:00Z,1788-1-1-GV,,device_not_worn_correctly
1768464000000,2026-01-15T08:00:00Z,1788-1-1-GV,,device_not_worn_correctly
1768464060000,2026-01-15T08:01:00Z,1788-1-1-GV,,device_not_worn_correctly
1768464120000,2026-01-15T08:02:00Z,1788-1-1-GV,,device_not_worn_correctly
1768464180000,2026-01-15T08:03:00Z,1788-1-1-GV,,device_not_worn_correctly
1768464240000,2026-01-15T08:04:00Z,1788-1-1-GV,,device_not_worn_correctly
1768464300000,2026-01-15T08:05:00Z,1788-1-1-GV,,device_not_worn_correctly
1768464360000,2026-01-15T08:06:00Z,1788-1-1-GV,,device_not_worn_correctly
1768464420000,2026-01-15T08:07:00Z,1788-1-1-GV,,device_not_worn_correctly
1768464480000,2026-01-15T08:08:00Z,1788-1-1-GV,,device_not_worn_correctly
1768464540000,2026-01-15T08:09:00Z,1788-1-1-GV,,device_not_worn_correctly
1768464600000,2026-01-15T08:10:00Z,1788-1-1-GV,,device_not_worn_correctly
1768464660000,2026-01-15T08:11:00Z,1788-1-1-GV,,device_not_worn_correctly
1768464720000,2026-01-15T08:12:00Z,1788-1-1-GV,,device_not_worn_correctly
1768464780000,2026-01-15T08:13:00Z,1788-1-1-GV,,device_not_worn_correctly
1768464840000,2026-01-15T08:14:00Z,1788-1-1-GV,,device_not_worn_correctly
1768464900000,2026-01-15T08:15:00Z,1788-1-1-GV,,device_not_worn_correctly
1768464960000,2026-01-15T08:16:00Z,1788-1-1-GV,,device_not_worn_correctly
1768465020000,2026-01-15T08:17:00Z,1788-1-1-GV,,device_not_worn_correctly
1768465080000,2026-01-15T08:18:00Z,1788-1-1-GV,,device_not_worn_correctly
1768465140000,2026-01-15T08:19:00Z,1788-1-1-GV,,device_not_worn_correctly
1768465200000,2026-01-15T08:20:00Z,1788-1-1-GV,,device_not_worn_correctly
1768465260000,2026-01-15T08:21:00Z,1788-1-1-GV,,device_not_worn_correctly
1768465320000,2026-01-15T08:22:00Z,1788-1-1-GV,,device_not_worn_correctly
1768465380000,2026-01-15T08:23:00Z,1788-1-1-GV,,device_not_worn_correctly
1768465440000,2026-01-15T08:24:00Z,1788-1-1-GV,,device_not_worn_correctly
1768465500000,2026-01-15T08:25:00Z,1788-1-1-GV,,device_not_worn_correctly
1768465560000,2026-01-15T08:26:00Z,1788-1-1-GV,,device_not_worn_correctly
1768465620000,2026-01-15T08:27:00Z,1788-1-1-GV,,device_not_worn_correctly
1768465680000,2026-01-15T08:28:00Z,1788-1-1-GV,,device_not_worn_correctly
1768465740000,2026-01-15T08:29:00Z,1788-1-1-GV,,device_not_worn_correctly
1768465800000,2026-01-15T08:30:00Z,1788-1-1-GV,,device_not_worn_correctly
1768465860000,2026-01-15T08:31:00Z,1788-1-1-GV,,device_not_worn_correctly
1768465920000,2026-01-15T08:32:00Z,1788-1-1-GV,,device_not_worn_correctly
1768465980000,2026-01-15T08:33:00Z,1788-1-1-GV,,device_not_worn_correctly
1768466040000,2026-01-15T08:34:00Z,1788-1-1-GV,,device_not_worn_correctly
1768466100000,2026-01-15T08:35:00Z,1788-1-1-GV,,device_not_worn_correctly
1768466160000,2026-01-15T08:36:00Z,1788-1-1-GV,,device_not_worn_correctly
1768466220000,2026-01-15T08:37:00Z,1788-1-1-GV,,device_not_worn_correctly
1768466280000,2026-01-15T08:38:00Z,1788-1-1-GV,,device_not_worn_correctly
1768466340000,2026-01-15T08:39:00Z,1788-1-1-GV,,device_not_worn_correctly
1768466400000,2026-01-15T08:40:00Z,1788-1-1-GV,,device_not_worn_correctly
1768466460000,2026-01-15T08:41:00Z,1788-1-1-GV,,device_not_worn_correctly
1768466520000,2026-01-15T08:42:00Z,1788-1-1-GV,,device_not_worn_correctly
1768466580000,2026-01-15T08:43:00Z,1788-1-1-GV,,device_not_worn_correctly
1768466640000,2026-01-15T08:44:00Z,1788-1-1-GV,,device_not_worn_correctly
1768466700000,2026-01-15T08:45:00Z,1788-1-1-GV,,device_not_worn_correctly
1768466760000,2026-01-15T08:46:00Z,1788-1-1-GV,,device_not_worn_correctly
1768466820000,2026-01-15T08:47:00Z,1788-1-1-GV,,device_not_worn_correctly
1768466880000,2026-01-15T08:48:00Z,1788-1-1-GV,,device_not_worn_correctly
1768466940000,2026-01-15T08:49:00Z,1788-1-1-GV,sedentary,
1768467000000,2026-01-15T08:50:00Z,1788-1-1-GV,sedentary,
1768467060000,2026-01-15T08:51:00Z,1788-1-1-GV,sedentary,
1768467120000,2026-01-15T08:52:00Z,1788-1-1-GV,sedentary,
1768467180000,2026-01-15T08:53:00Z,1788-1-1-GV,sedentary,
1768467240000,2026-01-15T08:54:00Z,1788-1-1-GV,sedentary,
1768467300000,2026-01-15T08:55:00Z,1788-1-1-GV,sedentary,
1768467360000,2026-01-15T08:56:00Z,1788-1-1-GV,sedentary,
1768467420000,2026-01-15T08:57:00Z,1788-1-1-GV,sedentary,
1768467480000,2026-01-15T08:58:00Z,1788-1-1-GV,LPA,
1768467540000,2026-01-15T08:59:00Z,1788-1-1-GV,LPA,
1768467600000,2026-01-15T09:00:00Z,1788-1-1-GV,sedentary,
1768467660000,2026-01-15T09:01:00Z,1788-1-1-GV,sedentary,
1768467720000,2026-01-15T09:02:00Z,1788-1-1-GV,sedentary,
1768467780000,2026-01-15T09:03:00Z,1788-1-1-GV,LPA,
1768467840000,2026-01-15T09:04:00Z,1788-1-1-GV,LPA,
1768467900000,2026-01-15T09:05:00Z,1788-1-1-GV,LPA,
1768467960000,2026-01-15T09:06:00Z,1788-1-1-GV,LPA,
1768468020000,2026-01-15T09:07:00Z,1788-1-1-GV,MPA,
1768468080000,2026-01-15T09:08:00Z,1788-1-1-GV,LPA,
1768468140000,2026-01-15T09:09:00Z,1788-1-1-GV,sedentary,
1768468200000,2026-01-15T09:10:00Z,1788-1-1-GV,LPA,
1768468260000,2026-01-15T09:11:00Z,1788-1-1-GV,LPA,
1768468320000,2026-01-15T09:12:00Z,1788-1-1-GV,LPA,
1768468380000,2026-01-15T09:13:00Z,1788-1-1-GV,LPA,
1768468440000,2026-01-15T09:14:00Z,1788-1-1-GV,LPA,
1768468500000,2026-01-15T09:15:00Z,1788-1-1-GV,LPA,
1768468560000,2026-01-15T09:16:00Z,1788-1-1-GV,sedentary,
1768468620000,2026-01-15T09:17:00Z,1788-1-1-GV,LPA,
1768468680000,2026-01-15T09:18:00Z,1788-1-1-GV,LPA,
1768468740000,2026-01-15T09:19:00Z,1788-1-1-GV,LPA,
1768468800000,2026-01-15T09:20:00Z,1788-1-1-GV,LPA,
1768468860000,2026-01-15T09:21:00Z,1788-1-1-GV,sedentary,
1768468920000,2026-01-15T09:22:00Z,1788-1-1-GV,LPA,
1768468980000,2026-01-15T09:23:00Z,1788-1-1-GV,MPA,
1768469040000,2026-01-15T09:24:00Z,1788-1-1-GV,sedentary,
1768469100000,2026-01-15T09:25:00Z,1788-1-1-GV,sedentary,
1768469160000,2026-01-15T09:26:00Z,1788-1-1-GV,sedentary,
1768469220000,2026-01-15T09:27:00Z,1788-1-1-GV,sedentary,
1768469280000,2026-01-15T09:28:00Z,1788-1-1-GV,sedentary,
1768469340000,2026-01-15T09:29:00Z,1788-1-1-GV,sedentary,
1768469400000,2026-01-15T09:30:00Z,1788-1-1-GV,LPA,
1768469460000,2026-01-15T09:31:00Z,1788-1-1-GV,LPA,
1768469520000,2026-01-15T09:32:00Z,1788-1-1-GV,sedentary,
1768469580000,2026-01-15T09:33:00Z,1788-1-1-GV,sedentary,
1768469640000,2026-01-15T09:34:00Z,1788-1-1-GV,sedentary,
1768469700000,2026-01-15T09:35:00Z,1788-1-1-GV,LPA,
1768469760000,2026-01-15T09:36:00Z,1788-1-1-GV,LPA,
1768469820000,2026-01-15T09:37:00Z,1788-1-1-GV,sedentary,
1768469880000,2026-01-15T09:38:00Z,1788-1-1-GV,sedentary,
1768469940000,2026-01-15T09:39:00Z,1788-1-1-GV,sedentary,
1768470000000,2026-01-15T09:40:00Z,1788-1-1-GV,LPA,
1768470060000,2026-01-15T09:41:00Z,1788-1-1-GV,sedentary,
1768470120000,2026-01-15T09:42:00Z,1788-1-1-GV,,device_not_recording
1768470180000,2026-01-15T09:43:00Z,1788-1-1-GV,,device_not_worn_correctly
1768470240000,2026-01-15T09:44:00Z,1788-1-1-GV,,device_not_worn_correctly
1768470300000,2026-01-15T09:45:00Z,1788-1-1-GV,,device_not_worn_correctly
1768470360000,2026-01-15T09:46:00Z,1788-1-1-GV,,device_not_worn_correctly
1768470420000,2026-01-15T09:47:00Z,1788-1-1-GV,,device_not_worn_correctly
1768470480000,2026-01-15T09:48:00Z,1788-1-1-GV,,device_not_worn_correctly
1768470540000,2026-01-15T09:49:00Z,1788-1-1-GV,,device_not_worn_correctly
1768470600000,2026-01-15T09:50:00Z,1788-1-1-GV,,device_not_worn_correctly
1768470660000,2026-01-15T09:51:00Z,1788-1-1-GV,,device_not_worn_correctly
1768470720000,2026-01-15T09:52:00Z,1788-1-1-GV,,device_not_worn_correctly
1768470780000,2026-01-15T09:53:00Z,1788-1-1-GV,sedentary,
1768470840000,2026-01-15T09:54:00Z,1788-1-1-GV,sedentary,
1768470900000,2026-01-15T09:55:00Z,1788-1-1-GV,sedentary,
1768470960000,2026-01-15T09:56:00Z,1788-1-1-GV,sedentary,
1768471020000,2026-01-15T09:57:00Z,1788-1-1-GV,sedentary,
1768471080000,2026-01-15T09:58:00Z,1788-1-1-GV,sedentary,
1768471140000,2026-01-15T09:59:00Z,1788-1-1-GV,sedentary,
1768471200000,2026-01-15T10:00:00Z,1788-1-1-GV,sedentary,
1768471260000,2026-01-15T10:01:00Z,1788-1-1-GV,sedentary,
1768471320000,2026-01-15T10:02:00Z,1788-1-1-GV,sedentary,
1768471380000,2026-01-15T10:03:00Z,1788-1-1-GV,LPA,
1768471440000,2026-01-15T10:04:00Z,1788-1-1-GV,sedentary,
1768471500000,2026-01-15T10:05:00Z,1788-1-1-GV,LPA,
1768471560000,2026-01-15T10:06:00Z,1788-1-1-GV,sedentary,
1768471620000,2026-01-15T10:07:00Z,1788-1-1-GV,LPA,
1768471680000,2026-01-15T10:08:00Z,1788-1-1-GV,LPA,
1768471740000,2026-01-15T10:09:00Z,1788-1-1-GV,sedentary,
1768471800000,2026-01-15T10:10:00Z,1788-1-1-GV,sedentary,
1768471860000,2026-01-15T10:11:00Z,1788-1-1-GV,sedentary,
1768471920000,2026-01-15T10:12:00Z,1788-1-1-GV,sedentary,
1768471980000,2026-01-15T10:13:00Z,1788-1-1-GV,LPA,
1768472040000,2026-01-15T10:14:00Z,1788-1-1-GV,sedentary,
1768472100000,2026-01-15T10:15:00Z,1788-1-1-GV,sedentary,
1768472160000,2026-01-15T10:16:00Z,1788-1-1-GV,sedentary,
1768472220000,2026-01-15T10:17:00Z,1788-1-1-GV,sedentary,
1768472280000,2026-01-15T10:18:00Z,1788-1-1-GV,sedentary,
1768472340000,2026-01-15T10:19:00Z,1788-1-1-GV,sedentary,
1768472400000,2026-01-15T10:20:00Z,1788-1-1-GV,sedentary,
1768472460000,2026-01-15T10:21:00Z,1788-1-1-GV,sedentary,
1768472520000,2026-01-15T10:22:00Z,1788-1-1-GV,sedentary,
1768472580000,2026-01-15T10:23:00Z,1788-1-1-GV,sedentary,
1768472640000,2026-01-15T10:24:00Z,1788-1-1-GV,sedentary,
1768472700000,2026-01-15T10:25:00Z,1788-1-1-GV,sedentary,
1768472760000,2026-01-15T10:26:00Z,1788-1-1-GV,sedentary,
1768472820000,2026-01-15T10:27:00Z,1788-1-1-GV,sedentary,
1768472880000,2026-01-15T10:28:00Z,1788-1-1-GV,sedentary,
1768472940000,2026-01-15T10:29:00Z,1788-1-1-GV,sedentary,
1768473000000,2026-01-15T10:30:00Z,1788-1-1-GV,,device_not_recording
1768473060000,2026-01-15T10:31:00Z,1788-1-1-GV,,device_not_recording
1768473120000,2026-01-15T10:32:00Z,1788-1-1-GV,,device_not_worn_correctly
1768473180000,2026-01-15T10:33:00Z,1788-1-1-GV,,device_not_worn_correctly
1768473240000,2026-01-15T10:34:00Z,1788-1-1-GV,,device_not_worn_correctly
1768473300000,2026-01-15T10:35:00Z,1788-1-1-GV,,device_not_worn_correctly
1768473360000,2026-01-15T10:36:00Z,1788-1-1-GV,,device_not_worn_correctly
1768473420000,2026-01-15T10:37:00Z,1788-1-1-GV,,device_not_worn_correctly
1768473480000,2026-01-15T10:38:00Z,1788-1-1-GV,,device_not_worn_correctly
1768473540000,2026-01-15T10:39:00Z,1788-1-1-GV,,device_not_worn_correctly
1768473600000,2026-01-15T10:40:00Z,1788-1-1-GV,,device_not_worn_correctly
1768473660000,2026-01-15T10:41:00Z,1788-1-1-GV,,device_not_worn_correctly
1768473720000,2026-01-15T10:42:00Z,1788-1-1-GV,,device_not_worn_correctly
1768473780000,2026-01-15T10:43:00Z,1788-1-1-GV,,device_not_worn_correctly
1768473840000,2026-01-15T10:44:00Z,1788-1-1-GV,,device_not_worn_correctly
1768473900000,2026-01-15T10:45:00Z,1788-1-1-GV,,device_not_worn_correctly
1768473960000,2026-01-15T10:46:00Z,1788-1-1-GV,,device_not_worn_correctly
1768474020000,2026-01-15T10:47:00Z,1788-1-1-GV,,device_not_worn_correctly
1768474080000,2026-01-15T10:48:00Z,1788-1-1-GV,,device_not_worn_correctly
1768474140000,2026-01-15T10:49:00Z,1788-1-1-GV,,device_not_worn_correctly
1768474200000,2026-01-15T10:50:00Z,1788-1-1-GV,,device_not_worn_correctly
1768474260000,2026-01-15T10:51:00Z,1788-1-1-GV,,device_not_worn_correctly
1768474320000,2026-01-15T10:52:00Z,1788-1-1-GV,,device_not_worn_correctly
1768474380000,2026-01-15T10:53:00Z,1788-1-1-GV,,device_not_worn_correctly
1768474440000,2026-01-15T10:54:00Z,1788-1-1-GV,,device_not_worn_correctly
1768474500000,2026-01-15T10:55:00Z,1788-1-1-GV,,device_not_worn_correctly
1768474560000,2026-01-15T10:56:00Z,1788-1-1-GV,,device_not_worn_correctly
1768474620000,2026-01-15T10:57:00Z,1788-1-1-GV,,device_not_worn_correctly
1768474680000,2026-01-15T10:58:00Z,1788-1-1-GV,,device_not_worn_correctly
1768474740000,2026-01-15T10:59:00Z,1788-1-1-GV,,device_not_worn_correctly
1768474800000,2026-01-15T11:00:00Z,1788-1-1-GV,,device_not_worn_correctly
1768474860000,2026-01-15T11:01:00Z,1788-1-1-GV,,device_not_worn_correctly
1768474920000,2026-01-15T11:02:00Z,1788-1-1-GV,,device_not_worn_correctly
1768474980000,2026-01-15T11:03:00Z,1788-1-1-GV,,device_not_recording
1768475040000,2026-01-15T11:04:00Z,1788-1-1-GV,,device_not_worn_correctly
1768475100000,2026-01-15T11:05:00Z,1788-1-1-GV,,device_not_worn_correctly
1768475160000,2026-01-15T11:06:00Z,1788-1-1-GV,,device_not_worn_correctly
1768475220000,2026-01-15T11:07:00Z,1788-1-1-GV,,device_not_worn_correctly
1768475280000,2026-01-15T11:08:00Z,1788-1-1-GV,,device_not_worn_correctly
1768475340000,2026-01-15T11:09:00Z,1788-1-1-GV,,device_not_worn_correctly
1768475400000,2026-01-15T11:10:00Z,1788-1-1-GV,,device_not_worn_correctly
1768475460000,2026-01-15T11:11:00Z,1788-1-1-GV,,device_not_worn_correctly
1768475520000,2026-01-15T11:12:00Z,1788-1-1-GV,,device_not_worn_correctly
1768475580000,2026-01-15T11:13:00Z,1788-1-1-GV,,device_not_worn_correctly
1768475640000,2026-01-15T11:14:00Z,1788-1-1-GV,,device_not_worn_correctly
1768475700000,2026-01-15T11:15:00Z,1788-1-1-GV,,device_not_worn_correctly
1768475760000,2026-01-15T11:16:00Z,1788-1-1-GV,,device_not_worn_correctly
1768475820000,2026-01-15T11:17:00Z,1788-1-1-GV,,device_not_worn_correctly
1768475880000,2026-01-15T11:18:00Z,1788-1-1-GV,,device_not_worn_correctly
1768475940000,2026-01-15T11:19:00Z,1788-1-1-GV,,device_not_worn_correctly
1768476000000,2026-01-15T11:20:00Z,1788-1-1-GV,,device_not_worn_correctly
1768476060000,2026-01-15T11:21:00Z,1788-1-1-GV,,device_not_worn_correctly
1768476120000,2026-01-15T11:22:00Z,1788-1-1-GV,,device_not_worn_correctly
1768476180000,2026-01-15T11:23:00Z,1788-1-1-GV,,device_not_worn_correctly
1768476240000,2026-01-15T11:24:00Z,1788-1-1-GV,,device_not_worn_correctly
1768476300000,2026-01-15T11:25:00Z,1788-1-1-GV,,device_not_worn_correctly
1768476360000,2026-01-15T11:26:00Z,1788-1-1-GV,,device_not_worn_correctly
1768476420000,2026-01-15T11:27:00Z,1788-1-1-GV,,device_not_worn_correctly
1768476480000,2026-01-15T11:28:00Z,1788-1-1-GV,,device_not_worn_correctly
1768476540000,2026-01-15T11:29:00Z,1788-1-1-GV,,device_not_worn_correctly
1768476600000,2026-01-15T11:30:00Z,1788-1-1-GV,,device_not_worn_correctly
1768476660000,2026-01-15T11:31:00Z,1788-1-1-GV,,device_not_worn_correctly
1768476720000,2026-01-15T11:32:00Z,1788-1-1-GV,,device_not_worn_correctly
1768476780000,2026-01-15T11:33:00Z,1788-1-1-GV,,device_not_worn_correctly
1768476840000,2026-01-15T11:34:00Z,1788-1-1-GV,,device_not_worn_correctly
1768476900000,2026-01-15T11:35:00Z,1788-1-1-GV,,device_not_worn_correctly
1768476960000,2026-01-15T11:36:00Z,1788-1-1-GV,,device_not_worn_correctly
1768477020000,2026-01-15T11:37:00Z,1788-1-1-GV,,device_not_worn_correctly
1768477080000,2026-01-15T11:38:00Z,1788-1-1-GV,,device_not_worn_correctly
1768477140000,2026-01-15T11:39:00Z,1788-1-1-GV,,device_not_worn_correctly
1768477200000,2026-01-15T11:40:00Z,1788-1-1-GV,,device_not_worn_correctly
1768477260000,2026-01-15T11:41:00Z,1788-1-1-GV,,device_not_worn_correctly
1768477320000,2026-01-15T11:42:00Z,1788-1-1-GV,,device_not_worn_correctly
1768477380000,2026-01-15T11:43:00Z,1788-1-1-GV,,device_not_worn_correctly
1768477440000,2026-01-15T11:44:00Z,1788-1-1-GV,,device_not_worn_correctly
1768477500000,2026-01-15T11:45:00Z,1788-1-1-GV,,device_not_worn_correctly
1768477560000,2026-01-15T11:46:00Z,1788-1-1-GV,,device_not_worn_correctly
1768477620000,2026-01-15T11:47:00Z,1788-1-1-GV,,device_not_worn_correctly
1768477680000,2026-01-15T11:48:00Z,1788-1-1-GV,,device_not_worn_correctly
1768477740000,2026-01-15T11:49:00Z,1788-1-1-GV,,device_not_worn_correctly
1768477800000,2026-01-15T11:50:00Z,1788-1-1-GV,,device_not_worn_correctly
1768477860000,2026-01-15T11:51:00Z,1788-1-1-GV,,device_not_worn_correctly
1768477920000,2026-01-15T11:52:00Z,1788-1-1-GV,,device_not_worn_correctly
1768477980000,2026-01-15T11:53:00Z,1788-1-1-GV,,device_not_worn_correctly
1768478040000,2026-01-15T11:54:00Z,1788-1-1-GV,,device_not_recording
1768478100000,2026-01-15T11:55:00Z,1788-1-1-GV,,device_not_recording
1768478160000,2026-01-15T11:56:00Z,1788-1-1-GV,,device_not_recording
1768478220000,2026-01-15T11:57:00Z,1788-1-1-GV,,device_not_recording
1768478280000,2026-01-15T11:58:00Z,1788-1-1-GV,,device_not_recording
1768478340000,2026-01-15T11:59:00Z,1788-1-1-GV,,device_not_recording
1768478400000,2026-01-15T12:00:00Z,1788-1-1-GV,,device_not_recording
1768478460000,2026-01-15T12:01:00Z,1788-1-1-GV,,device_not_recording
1768478520000,2026-01-15T12:02:00Z,1788-1-1-GV,,device_not_recording
1768478580000,2026-01-15T12:03:00Z,1788-1-1-GV,,device_not_recording
1768478640000,2026-01-15T12:04:00Z,1788-1-1-GV,,device_not_recording
1768478700000,2026-01-15T12:05:00Z,1788-1-1-GV,,device_not_recording
1768478760000,2026-01-15T12:06:00Z,1788-1-1-GV,,device_not_recording
1768478820000,2026-01-15T12:07:00Z,1788-1-1-GV,,device_not_recording
1768478880000,2026-01-15T12:08:00Z,1788-1-1-GV,,device_not_recording
1768478940000,2026-01-15T12:09:00Z,1788-1-1-GV,,device_not_recording
1768479000000,2026-01-15T12:10:00Z,1788-1-1-GV,,device_not_recording
1768479060000,2026-01-15T12:11:00Z,1788-1-1-GV,,device_not_recording
1768479120000,2026-01-15T12:12:00Z,1788-1-1-GV,,device_not_recording
1768479180000,2026-01-15T12:13:00Z,1788-1-1-GV,,device_not_recording
1768479240000,2026-01-15T12:14:00Z,1788-1-1-GV,,device_not_recording
1768479300000,2026-01-15T12:15:00Z,1788-1-1-GV,,device_not_recording
1768479360000,2026-01-15T12:16:00Z,1788-1-1-GV,,device_not_recording
1768479420000,2026-01-15T12:17:00Z,1788-1-1-GV,,device_not_recording
1768479480000,2026-01-15T12:18:00Z,1788-1-1-GV,,device_not_recording
1768479540000,2026-01-15T12:19:00Z,1788-1-1-GV,,device_not_recording
1768479600000,2026-01-15T12:20:00Z,1788-1-1-GV,,device_not_recording
1768479660000,2026-01-15T12:21:00Z,1788-1-1-GV,,device_not_recording
1768479720000,2026-01-15T12:22:00Z,1788-1-1-GV,,device_not_recording
1768479780000,2026-01-15T12:23:00Z,1788-1-1-GV,,device_not_recording
1768479840000,2026-01-15T12:24:00Z,1788-1-1-GV,,device_not_recording
1768479900000,2026-01-15T12:25:00Z,1788-1-1-GV,,device_not_recording
1768479960000,2026-01-15T12:26:00Z,1788-1-1-GV,,device_not_recording
1768480020000,2026-01-15T12:27:00Z,1788-1-1-GV,,device_not_recording
1768480080000,2026-01-15T12:28:00Z,1788-1-1-GV,,device_not_recording
1768480140000,2026-01-15T12:29:00Z,1788-1-1-GV,,device_not_recording
1768480200000,2026-01-15T12:30:00Z,1788-1-1-GV,,device_not_recording
1768480260000,2026-01-15T12:31:00Z,1788-1-1-GV,,device_not_recording
1768480320000,2026-01-15T12:32:00Z,1788-1-1-GV,,device_not_recording
1768480380000,2026-01-15T12:33:00Z,1788-1-1-GV,,device_not_recording
1768480440000,2026-01-15T12:34:00Z,1788-1-1-GV,,device_not_recording
1768480500000,2026-01-15T12:35:00Z,1788-1-1-GV,,device_not_recording
1768480560000,2026-01-15T12:36:00Z,1788-1-1-GV,,device_not_recording
1768480620000,2026-01-15T12:37:00Z,1788-1-1-GV,,device_not_recording
1768480680000,2026-01-15T12:38:00Z,1788-1-1-GV,,device_not_recording
1768480740000,2026-01-15T12:39:00Z,1788-1-1-GV,,device_not_recording
1768480800000,2026-01-15T12:40:00Z,1788-1-1-GV,,device_not_recording
1768480860000,2026-01-15T12:41:00Z,1788-1-1-GV,,device_not_recording
1768480920000,2026-01-15T12:42:00Z,1788-1-1-GV,,device_not_recording
1768480980000,2026-01-15T12:43:00Z,1788-1-1-GV,,device_not_recording
1768481040000,2026-01-15T12:44:00Z,1788-1-1-GV,,device_not_recording
1768481100000,2026-01-15T12:45:00Z,1788-1-1-GV,,device_not_recording
1768481160000,2026-01-15T12:46:00Z,1788-1-1-GV,,device_not_recording
1768481220000,2026-01-15T12:47:00Z,1788-1-1-GV,,device_not_recording
1768481280000,2026-01-15T12:48:00Z,1788-1-1-GV,,device_not_recording
1768481340000,2026-01-15T12:49:00Z,1788-1-1-GV,,device_not_recording
1768481400000,2026-01-15T12:50:00Z,1788-1-1-GV,,device_not_recording
1768481460000,2026-01-15T12:51:00Z,1788-1-1-GV,,device_not_recording
1768481520000,2026-01-15T12:52:00Z,1788-1-1-GV,,device_not_recording
1768481580000,2026-01-15T12:53:00Z,1788-1-1-GV,,device_not_recording
1768481640000,2026-01-15T12:54:00Z,1788-1-1-GV,,device_not_recording
1768481700000,2026-01-15T12:55:00Z,1788-1-1-GV,,device_not_recording
1768481760000,2026-01-15T12:56:00Z,1788-1-1-GV,,device_not_recording
1768481820000,2026-01-15T12:57:00Z,1788-1-1-GV,,device_not_recording
1768481880000,2026-01-15T12:58:00Z,1788-1-1-GV,,device_not_recording
1768481940000,2026-01-15T12:59:00Z,1788-1-1-GV,,device_not_recording
1768482000000,2026-01-15T13:00:00Z,1788-1-1-GV,,device_not_recording
1768482060000,2026-01-15T13:01:00Z,1788-1-1-GV,,device_not_recording
1768482120000,2026-01-15T13:02:00Z,1788-1-1-GV,,device_not_recording
1768482180000,2026-01-15T13:03:00Z,1788-1-1-GV,,device_not_recording
1768482240000,2026-01-15T13:04:00Z,1788-1-1-GV,,device_not_recording
1768482300000,2026-01-15T13:05:00Z,1788-1-1-GV,,device_not_recording
1768482360000,2026-01-15T13:06:00Z,1788-1-1-GV,,device_not_recording
1768482420000,2026-01-15T13:07:00Z,1788-1-1-GV,,device_not_recording
1768482480000,2026-01-15T13:08:00Z,1788-1-1-GV,,device_not_recording
1768482540000,2026-01-15T13:09:00Z,1788-1-1-GV,,device_not_recording
1768482600000,2026-01-15T13:10:00Z,1788-1-1-GV,,device_not_recording
1768482660000,2026-01-15T13:11:00Z,1788-1-1-GV,,device_not_recording
1768482720000,2026-01-15T13:12:00Z,1788-1-1-GV,,device_not_recording
1768482780000,2026-01-15T13:13:00Z,1788-1-1-GV,,device_not_recording
1768482840000,2026-01-15T13:14:00Z,1788-1-1-GV,,device_not_recording
1768482900000,2026-01-15T13:15:00Z,1788-1-1-GV,,device_not_recording
1768482960000,2026-01-15T13:16:00Z,1788-1-1-GV,,device_not_recording
1768483020000,2026-01-15T13:17:00Z,1788-1-1-GV,,device_not_recording
1768483080000,2026-01-15T13:18:00Z,1788-1-1-GV,,device_not_recording
1768483140000,2026-01-15T13:19:00Z,1788-1-1-GV,,device_not_recording
1768483200000,2026-01-15T13:20:00Z,1788-1-1-GV,,device_not_recording
1768483260000,2026-01-15T13:21:00Z,1788-1-1-GV,,device_not_recording
1768483320000,2026-01-15T13:22:00Z,1788-1-1-GV,,device_not_recording
1768483380000,2026-01-15T13:23:00Z,1788-1-1-GV,,device_not_recording
1768483440000,2026-01-15T13:24:00Z,1788-1-1-GV,,device_not_recording
1768483500000,2026-01-15T13:25:00Z,1788-1-1-GV,,device_not_recording
1768483560000,2026-01-15T13:26:00Z,1788-1-1-GV,,device_not_recording
1768483620000,2026-01-15T13:27:00Z,1788-1-1-GV,,device_not_recording
1768483680000,2026-01-15T13:28:00Z,1788-1-1-GV,,device_not_recording
1768483740000,2026-01-15T13:29:00Z,1788-1-1-GV,,device_not_recording
1768483800000,2026-01-15T13:30:00Z,1788-1-1-GV,,device_not_recording
1768483860000,2026-01-15T13:31:00Z,1788-1-1-GV,,device_not_recording
1768483920000,2026-01-15T13:32:00Z,1788-1-1-GV,,device_not_recording
1768483980000,2026-01-15T13:33:00Z,1788-1-1-GV,,device_not_recording
1768484040000,2026-01-15T13:34:00Z,1788-1-1-GV,,device_not_recording
1768484100000,2026-01-15T13:35:00Z,1788-1-1-GV,,device_not_recording
1768484160000,2026-01-15T13:36:00Z,1788-1-1-GV,,device_not_recording
1768484220000,2026-01-15T13:37:00Z,1788-1-1-GV,,device_not_recording
1768484280000,2026-01-15T13:38:00Z,1788-1-1-GV,,device_not_recording
1768484340000,2026-01-15T13:39:00Z,1788-1-1-GV,,device_not_recording
1768484400000,2026-01-15T13:40:00Z,1788-1-1-GV,,device_not_recording
1768484460000,2026-01-15T13:41:00Z,1788-1-1-GV,,device_not_recording
1768484520000,2026-01-15T13:42:00Z,1788-1-1-GV,,device_not_recording
1768484580000,2026-01-15T13:43:00Z,1788-1-1-GV,,device_not_recording
1768484640000,2026-01-15T13:44:00Z,1788-1-1-GV,,device_not_recording
1768484700000,2026-01-15T13:45:00Z,1788-1-1-GV,,device_not_recording
1768484760000,2026-01-15T13:46:00Z,1788-1-1-GV,,device_not_recording
1768484820000,2026-01-15T13:47:00Z,1788-1-1-GV,,device_not_recording
1768484880000,2026-01-15T13:48:00Z,1788-1-1-GV,,device_not_recording
1768484940000,2026-01-15T13:49:00Z,1788-1-1-GV,,device_not_recording
1768485000000,2026-01-15T13:50:00Z,1788-1-1-GV,,device_not_recording
1768485060000,2026-01-15T13:51:00Z,1788-1-1-GV,,device_not_recording
1768485120000,2026-01-15T13:52:00Z,1788-1-1-GV,,device_not_recording
1768485180000,2026-01-15T13:53:00Z,1788-1-1-GV,,device_not_recording
1768485240000,2026-01-15T13:54:00Z,1788-1-1-GV,,device_not_recording
1768485300000,2026-01-15T13:55:00Z,1788-1-1-GV,,device_not_recording
1768485360000,2026-01-15T13:56:00Z,1788-1-1-GV,,device_not_recording
1768485420000,2026-01-15T13:57:00Z,1788-1-1-GV,,device_not_recording
1768485480000,2026-01-15T13:58:00Z,1788-1-1-GV,,device_not_recording
1768485540000,2026-01-15T13:59:00Z,1788-1-1-GV,,device_not_recording
1768485600000,2026-01-15T14:00:00Z,1788-1-1-GV,,device_not_recording
1768485660000,2026-01-15T14:01:00Z,1788-1-1-GV,,device_not_recording
1768485720000,2026-01-15T14:02:00Z,1788-1-1-GV,,device_not_recording
1768485780000,2026-01-15T14:03:00Z,1788-1-1-GV,,device_not_recording
1768485840000,2026-01-15T14:04:00Z,1788-1-1-GV,,device_not_recording
1768485900000,2026-01-15T14:05:00Z,1788-1-1-GV,,device_not_recording
1768485960000,2026-01-15T14:06:00Z,1788-1-1-GV,,device_not_recording
1768486020000,2026-01-15T14:07:00Z,1788-1-1-GV,,device_not_recording
1768486080000,2026-01-15T14:08:00Z,1788-1-1-GV,,device_not_recording
1768486140000,2026-01-15T14:09:00Z,1788-1-1-GV,,device_not_recording
1768486200000,2026-01-15T14:10:00Z,1788-1-1-GV,,device_not_recording
1768486260000,2026-01-15T14:11:00Z,1788-1-1-GV,,device_not_recording
1768486320000,2026-01-15T14:12:00Z,1788-1-1-GV,,device_not_recording
1768486380000,2026-01-15T14:13:00Z,1788-1-1-GV,,device_not_recording
1768486440000,2026-01-15T14:14:00Z,1788-1-1-GV,,device_not_recording
1768486500000,2026-01-15T14:15:00Z,1788-1-1-GV,,device_not_recording
1768486560000,2026-01-15T14:16:00Z,1788-1-1-GV,,device_not_recording
1768486620000,2026-01-15T14:17:00Z,1788-1-1-GV,,device_not_recording
1768486680000,2026-01-15T14:18:00Z,1788-1-1-GV,,device_not_recording
1768486740000,2026-01-15T14:19:00Z,1788-1-1-GV,,device_not_recording
1768486800000,2026-01-15T14:20:00Z,1788-1-1-GV,,device_not_recording
1768486860000,2026-01-15T14:21:00Z,1788-1-1-GV,,device_not_recording
1768486920000,2026-01-15T14:22:00Z,1788-1-1-GV,,device_not_recording
1768486980000,2026-01-15T14:23:00Z,1788-1-1-GV,,device_not_recording
1768487040000,2026-01-15T14:24:00Z,1788-1-1-GV,,device_not_recording
1768487100000,2026-01-15T14:25:00Z,1788-1-1-GV,,device_not_recording
1768487160000,2026-01-15T14:26:00Z,1788-1-1-GV,,device_not_recording
1768487220000,2026-01-15T14:27:00Z,1788-1-1-GV,,device_not_recording
1768487280000,2026-01-15T14:28:00Z,1788-1-1-GV,,device_not_recording
1768487340000,2026-01-15T14:29:00Z,1788-1-1-GV,,device_not_recording
1768487400000,2026-01-15T14:30:00Z,1788-1-1-GV,,device_not_recording
1768487460000,2026-01-15T14:31:00Z,1788-1-1-GV,,device_not_recording
1768487520000,2026-01-15T14:32:00Z,1788-1-1-GV,,device_not_recording
1768487580000,2026-01-15T14:33:00Z,1788-1-1-GV,,device_not_recording
1768487640000,2026-01-15T14:34:00Z,1788-1-1-GV,,device_not_recording
1768487700000,2026-01-15T14:35:00Z,1788-1-1-GV,,device_not_recording
1768487760000,2026-01-15T14:36:00Z,1788-1-1-GV,,device_not_recording
1768487820000,2026-01-15T14:37:00Z,1788-1-1-GV,,device_not_recording
1768487880000,2026-01-15T14:38:00Z,1788-1-1-GV,,device_not_recording
1768487940000,2026-01-15T14:39:00Z,1788-1-1-GV,,device_not_recording
1768488000000,2026-01-15T14:40:00Z,1788-1-1-GV,,device_not_recording
1768488060000,2026-01-15T14:41:00Z,1788-1-1-GV,,device_not_recording
1768488120000,2026-01-15T14:42:00Z,1788-1-1-GV,,device_not_recording
1768488180000,2026-01-15T14:43:00Z,1788-1-1-GV,,device_not_recording
1768488240000,2026-01-15T14:44:00Z,1788-1-1-GV,,device_not_recording
1768488300000,2026-01-15T14:45:00Z,1788-1-1-GV,,device_not_recording
1768488360000,2026-01-15T14:46:00Z,1788-1-1-GV,,device_not_recording
1768488420000,2026-01-15T14:47:00Z,1788-1-1-GV,,device_not_recording
1768488480000,2026-01-15T14:48:00Z,1788-1-1-GV,,device_not_recording
1768488540000,2026-01-15T14:49:00Z,1788-1-1-GV,,device_not_recording
1768488600000,2026-01-15T14:50:00Z,1788-1-1-GV,,device_not_recording
1768488660000,2026-01-15T14:51:00Z,1788-1-1-GV,,device_not_recording
1768488720000,2026-01-15T14:52:00Z,1788-1-1-GV,,device_not_recording
1768488780000,2026-01-15T14:53:00Z,1788-1-1-GV,,device_not_recording
1768488840000,2026-01-15T14:54:00Z,1788-1-1-GV,,device_not_recording
1768488900000,2026-01-15T14:55:00Z,1788-1-1-GV,,device_not_recording
1768488960000,2026-01-15T14:56:00Z,1788-1-1-GV,,device_not_recording
1768489020000,2026-01-15T14:57:00Z,1788-1-1-GV,,device_not_recording
1768489080000,2026-01-15T14:58:00Z,1788-1-1-GV,,device_not_recording
1768489140000,2026-01-15T14:59:00Z,1788-1-1-GV,,device_not_recording
1768489200000,2026-01-15T15:00:00Z,1788-1-1-GV,,device_not_recording
1768489260000,2026-01-15T15:01:00Z,1788-1-1-GV,,device_not_recording
1768489320000,2026-01-15T15:02:00Z,1788-1-1-GV,,device_not_recording
1768489380000,2026-01-15T15:03:00Z,1788-1-1-GV,,device_not_recording
1768489440000,2026-01-15T15:04:00Z,1788-1-1-GV,,device_not_recording
1768489500000,2026-01-15T15:05:00Z,1788-1-1-GV,,device_not_recording
1768489560000,2026-01-15T15:06:00Z,1788-1-1-GV,,device_not_recording
1768489620000,2026-01-15T15:07:00Z,1788-1-1-GV,,device_not_recording
1768489680000,2026-01-15T15:08:00Z,1788-1-1-GV,,device_not_recording
1768489740000,2026-01-15T15:09:00Z,1788-1-1-GV,,device_not_recording
1768489800000,2026-01-15T15:10:00Z,1788-1-1-GV,,device_not_recording
1768489860000,2026-01-15T15:11:00Z,1788-1-1-GV,,device_not_recording
1768489920000,2026-01-15T15:12:00Z,1788-1-1-GV,,device_not_recording
1768489980000,2026-01-15T15:13:00Z,1788-1-1-GV,,device_not_recording
1768490040000,2026-01-15T15:14:00Z,1788-1-1-GV,,device_not_recording
1768490100000,2026-01-15T15:15:00Z,1788-1-1-GV,,device_not_recording
1768490160000,2026-01-15T15:16:00Z,1788-1-1-GV,,device_not_recording
1768490220000,2026-01-15T15:17:00Z,1788-1-1-GV,,device_not_recording
1768490280000,2026-01-15T15:18:00Z,1788-1-1-GV,,device_not_recording
1768490340000,2026-01-15T15:19:00Z,1788-1-1-GV,,device_not_recording
1768490400000,2026-01-15T15:20:00Z,1788-1-1-GV,,device_not_recording
1768490460000,2026-01-15T15:21:00Z,1788-1-1-GV,,device_not_recording
1768490520000,2026-01-15T15:22:00Z,1788-1-1-GV,,device_not_recording
1768490580000,2026-01-15T15:23:00Z,1788-1-1-GV,,device_not_recording
1768490640000,2026-01-15T15:24:00Z,1788-1-1-GV,,device_not_recording
1768490700000,2026-01-15T15:25:00Z,1788-1-1-GV,,device_not_recording
1768490760000,2026-01-15T15:26:00Z,1788-1-1-GV,,device_not_recording
1768490820000,2026-01-15T15:27:00Z,1788-1-1-GV,,device_not_recording
1768490880000,2026-01-15T15:28:00Z,1788-1-1-GV,,device_not_recording
1768490940000,2026-01-15T15:29:00Z,1788-1-1-GV,,device_not_recording
1768491000000,2026-01-15T15:30:00Z,1788-1-1-GV,,device_not_recording
1768491060000,2026-01-15T15:31:00Z,1788-1-1-GV,,device_not_recording
1768491120000,2026-01-15T15:32:00Z,1788-1-1-GV,,device_not_recording
1768491180000,2026-01-15T15:33:00Z,1788-1-1-GV,,device_not_recording
1768491240000,2026-01-15T15:34:00Z,1788-1-1-GV,,device_not_recording
1768491300000,2026-01-15T15:35:00Z,1788-1-1-GV,,device_not_recording
1768491360000,2026-01-15T15:36:00Z,1788-1-1-GV,,device_not_recording
1768491420000,2026-01-15T15:37:00Z,1788-1-1-GV,,device_not_recording
1768491480000,2026-01-15T15:38:00Z,1788-1-1-GV,,device_not_recording
1768491540000,2026-01-15T15:39:00Z,1788-1-1-GV,,device_not_recording
1768491600000,2026-01-15T15:40:00Z,1788-1-1-GV,,device_not_recording
1768491660000,2026-01-15T15:41:00Z,1788-1-1-GV,,device_not_recording
1768491720000,2026-01-15T15:42:00Z,1788-1-1-GV,,device_not_recording
1768491780000,2026-01-15T15:43:00Z,1788-1-1-GV,,device_not_recording
1768491840000,2026-01-15T15:44:00Z,1788-1-1-GV,,device_not_recording
1768491900000,2026-01-15T15:45:00Z,1788-1-1-GV,,device_not_recording
1768491960000,2026-01-15T15:46:00Z,1788-1-1-GV,,device_not_recording
1768492020000,2026-01-15T15:47:00Z,1788-1-1-GV,,device_not_recording
1768492080000,2026-01-15T15:48:00Z,1788-1-1-GV,,device_not_recording
1768492140000,2026-01-15T15:49:00Z,1788-1-1-GV,,device_not_recording
1768492200000,2026-01-15T15:50:00Z,1788-1-1-GV,,device_not_recording
1768492260000,2026-01-15T15:51:00Z,1788-1-1-GV,,device_not_recording
1768492320000,2026-01-15T15:52:00Z,1788-1-1-GV,,device_not_recording
1768492380000,2026-01-15T15:53:00Z,1788-1-1-GV,,device_not_recording
1768492440000,2026-01-15T15:54:00Z,1788-1-1-GV,,device_not_recording
1768492500000,2026-01-15T15:55:00Z,1788-1-1-GV,,device_not_recording
1768492560000,2026-01-15T15:56:00Z,1788-1-1-GV,,device_not_recording
1768492620000,2026-01-15T15:57:00Z,1788-1-1-GV,,device_not_recording
1768492680000,2026-01-15T15:58:00Z,1788-1-1-GV,,device_not_recording
1768492740000,2026-01-15T15:59:00Z,1788-1-1-GV,,device_not_recording
1768492800000,2026-01-15T16:00:00Z,1788-1-1-GV,,device_not_recording
1768492860000,2026-01-15T16:01:00Z,1788-1-1-GV,,device_not_recording
1768492920000,2026-01-15T16:02:00Z,1788-1-1-GV,,device_not_recording
1768492980000,2026-01-15T16:03:00Z,1788-1-1-GV,,device_not_recording
1768493040000,2026-01-15T16:04:00Z,1788-1-1-GV,,device_not_recording
1768493100000,2026-01-15T16:05:00Z,1788-1-1-GV,,device_not_recording
1768493160000,2026-01-15T16:06:00Z,1788-1-1-GV,,device_not_recording
1768493220000,2026-01-15T16:07:00Z,1788-1-1-GV,,device_not_recording
1768493280000,2026-01-15T16:08:00Z,1788-1-1-GV,,device_not_recording
1768493340000,2026-01-15T16:09:00Z,1788-1-1-GV,,device_not_recording
1768493400000,2026-01-15T16:10:00Z,1788-1-1-GV,,device_not_recording
1768493460000,2026-01-15T16:11:00Z,1788-1-1-GV,,device_not_recording
1768493520000,2026-01-15T16:12:00Z,1788-1-1-GV,,device_not_recording
1768493580000,2026-01-15T16:13:00Z,1788-1-1-GV,,device_not_recording
1768493640000,2026-01-15T16:14:00Z,1788-1-1-GV,,device_not_recording
1768493700000,2026-01-15T16:15:00Z,1788-1-1-GV,,device_not_recording
1768493760000,2026-01-15T16:16:00Z,1788-1-1-GV,,device_not_recording
1768493820000,2026-01-15T16:17:00Z,1788-1-1-GV,,device_not_recording
1768493880000,2026-01-15T16:18:00Z,1788-1-1-GV,,device_not_recording
1768493940000,2026-01-15T16:19:00Z,1788-1-1-GV,,device_not_recording
1768494000000,2026-01-15T16:20:00Z,1788-1-1-GV,,device_not_recording
1768494060000,2026-01-15T16:21:00Z,1788-1-1-GV,,device_not_recording
1768494120000,2026-01-15T16:22:00Z,1788-1-1-GV,,device_not_recording
1768494180000,2026-01-15T16:23:00Z,1788-1-1-GV,,device_not_recording
1768494240000,2026-01-15T16:24:00Z,1788-1-1-GV,,device_not_recording
1768494300000,2026-01-15T16:25:00Z,1788-1-1-GV,,device_not_recording
1768494360000,2026-01-15T16:26:00Z,1788-1-1-GV,,device_not_recording
1768494420000,2026-01-15T16:27:00Z,1788-1-1-GV,,device_not_recording
1768494480000,2026-01-15T16:28:00Z,1788-1-1-GV,,device_not_recording
1768494540000,2026-01-15T16:29:00Z,1788-1-1-GV,,device_not_recording
1768494600000,2026-01-15T16:30:00Z,1788-1-1-GV,,device_not_recording
1768494660000,2026-01-15T16:31:00Z,1788-1-1-GV,,device_not_recording
1768494720000,2026-01-15T16:32:00Z,1788-1-1-GV,,device_not_recording
1768494780000,2026-01-15T16:33:00Z,1788-1-1-GV,,device_not_recording
1768494840000,2026-01-15T16:34:00Z,1788-1-1-GV,,device_not_recording
1768494900000,2026-01-15T16:35:00Z,1788-1-1-GV,,device_not_recording
1768494960000,2026-01-15T16:36:00Z,1788-1-1-GV,,device_not_recording
1768495020000,2026-01-15T16:37:00Z,1788-1-1-GV,,device_not_recording
1768495080000,2026-01-15T16:38:00Z,1788-1-1-GV,,device_not_recording
1768495140000,2026-01-15T16:39:00Z,1788-1-1-GV,,device_not_recording
1768495200000,2026-01-15T16:40:00Z,1788-1-1-GV,,device_not_recording
1768495260000,2026-01-15T16:41:00Z,1788-1-1-GV,,device_not_recording
1768495320000,2026-01-15T16:42:00Z,1788-1-1-GV,,device_not_recording
1768495380000,2026-01-15T16:43:00Z,1788-1-1-GV,,device_not_recording
1768495440000,2026-01-15T16:44:00Z,1788-1-1-GV,,device_not_recording
1768495500000,2026-01-15T16:45:00Z,1788-1-1-GV,,device_not_recording
1768495560000,2026-01-15T16:46:00Z,1788-1-1-GV,,device_not_recording
1768495620000,2026-01-15T16:47:00Z,1788-1-1-GV,,device_not_recording
1768495680000,2026-01-15T16:48:00Z,1788-1-1-GV,,device_not_recording
1768495740000,2026-01-15T16:49:00Z,1788-1-1-GV,,device_not_recording
1768495800000,2026-01-15T16:50:00Z,1788-1-1-GV,,device_not_recording
1768495860000,2026-01-15T16:51:00Z,1788-1-1-GV,,device_not_recording
1768495920000,2026-01-15T16:52:00Z,1788-1-1-GV,,device_not_recording
1768495980000,2026-01-15T16:53:00Z,1788-1-1-GV,,device_not_recording
1768496040000,2026-01-15T16:54:00Z,1788-1-1-GV,,device_not_recording
1768496100000,2026-01-15T16:55:00Z,1788-1-1-GV,,device_not_recording
1768496160000,2026-01-15T16:56:00Z,1788-1-1-GV,,device_not_recording
1768496220000,2026-01-15T16:57:00Z,1788-1-1-GV,,device_not_recording
1768496280000,2026-01-15T16:58:00Z,1788-1-1-GV,,device_not_recording
1768496340000,2026-01-15T16:59:00Z,1788-1-1-GV,,device_not_recording
1768496400000,2026-01-15T17:00:00Z,1788-1-1-GV,,device_not_recording
1768496460000,2026-01-15T17:01:00Z,1788-1-1-GV,,device_not_recording
1768496520000,2026-01-15T17:02:00Z,1788-1-1-GV,,device_not_recording
1768496580000,2026-01-15T17:03:00Z,1788-1-1-GV,,device_not_recording
1768496640000,2026-01-15T17:04:00Z,1788-1-1-GV,,device_not_recording
1768496700000,2026-01-15T17:05:00Z,1788-1-1-GV,,device_not_recording
1768496760000,2026-01-15T17:06:00Z,1788-1-1-GV,,device_not_recording
1768496820000,2026-01-15T17:07:00Z,1788-1-1-GV,,device_not_recording
1768496880000,2026-01-15T17:08:00Z,1788-1-1-GV,,device_not_recording
1768496940000,2026-01-15T17:09:00Z,1788-1-1-GV,,device_not_recording
1768497000000,2026-01-15T17:10:00Z,1788-1-1-GV,,device_not_recording
1768497060000,2026-01-15T17:11:00Z,1788-1-1-GV,,device_not_recording
1768497120000,2026-01-15T17:12:00Z,1788-1-1-GV,,device_not_recording
1768497180000,2026-01-15T17:13:00Z,1788-1-1-GV,,device_not_recording
1768497240000,2026-01-15T17:14:00Z,1788-1-1-GV,,device_not_recording
1768497300000,2026-01-15T17:15:00Z,1788-1-1-GV,,device_not_recording
1768497360000,2026-01-15T17:16:00Z,1788-1-1-GV,,device_not_recording
1768497420000,2026-01-15T17:17:00Z,1788-1-1-GV,,device_not_recording
1768497480000,2026-01-15T17:18:00Z,1788-1-1-GV,,device_not_recording
1768497540000,2026-01-15T17:19:00Z,1788-1-1-GV,,device_not_recording
1768497600000,2026-01-15T17:20:00Z,1788-1-1-GV,,device_not_recording
1768497660000,2026-01-15T17:21:00Z,1788-1-1-GV,,device_not_recording
1768497720000,2026-01-15T17:22:00Z,1788-1-1-GV,,device_not_recording
1768497780000,2026-01-15T17:23:00Z,1788-1-1-GV,,device_not_recording
1768497840000,2026-01-15T17:24:00Z,1788-1-1-GV,,device_not_recording
1768497900000,2026-01-15T17:25:00Z,1788-1-1-GV,,device_not_recording
1768497960000,2026-01-15T17:26:00Z,1788-1-1-GV,,device_not_recording
1768498020000,2026-01-15T17:27:00Z,1788-1-1-GV,,device_not_recording
1768498080000,2026-01-15T17:28:00Z,1788-1-1-GV,,device_not_recording
1768498140000,2026-01-15T17:29:00Z,1788-1-1-GV,,device_not_recording
1768498200000,2026-01-15T17:30:00Z,1788-1-1-GV,,device_not_recording
1768498260000,2026-01-15T17:31:00Z,1788-1-1-GV,,device_not_recording
1768498320000,2026-01-15T17:32:00Z,1788-1-1-GV,,device_not_recording
1768498380000,2026-01-15T17:33:00Z,1788-1-1-GV,,device_not_recording
1768498440000,2026-01-15T17:34:00Z,1788-1-1-GV,,device_not_recording
1768498500000,2026-01-15T17:35:00Z,1788-1-1-GV,,device_not_recording
1768498560000,2026-01-15T17:36:00Z,1788-1-1-GV,,device_not_recording
1768498620000,2026-01-15T17:37:00Z,1788-1-1-GV,,device_not_recording
1768498680000,2026-01-15T17:38:00Z,1788-1-1-GV,,device_not_recording
1768498740000,2026-01-15T17:39:00Z,1788-1-1-GV,,device_not_recording
1768498800000,2026-01-15T17:40:00Z,1788-1-1-GV,,device_not_recording
1768498860000,2026-01-15T17:41:00Z,1788-1-1-GV,,device_not_recording
1768498920000,2026-01-15T17:42:00Z,1788-1-1-GV,,device_not_recording
1768498980000,2026-01-15T17:43:00Z,1788-1-1-GV,,device_not_recording
1768499040000,2026-01-15T17:44:00Z,1788-1-1-GV,,device_not_recording
1768499100000,2026-01-15T17:45:00Z,1788-1-1-GV,,device_not_recording
1768499160000,2026-01-15T17:46:00Z,1788-1-1-GV,,device_not_recording
1768499220000,2026-01-15T17:47:00Z,1788-1-1-GV,,device_not_recording
1768499280000,2026-01-15T17:48:00Z,1788-1-1-GV,,device_not_recording
1768499340000,2026-01-15T17:49:00Z,1788-1-1-GV,,device_not_recording
1768499400000,2026-01-15T17:50:00Z,1788-1-1-GV,,device_not_recording
1768499460000,2026-01-15T17:51:00Z,1788-1-1-GV,,device_not_recording
1768499520000,2026-01-15T17:52:00Z,1788-1-1-GV,,device_not_recording
1768499580000,2026-01-15T17:53:00Z,1788-1-1-GV,,device_not_recording
1768499640000,2026-01-15T17:54:00Z,1788-1-1-GV,,device_not_recording
1768499700000,2026-01-15T17:55:00Z,1788-1-1-GV,,device_not_recording
1768499760000,2026-01-15T17:56:00Z,1788-1-1-GV,,device_not_recording
1768499820000,2026-01-15T17:57:00Z,1788-1-1-GV,,device_not_recording
1768499880000,2026-01-15T17:58:00Z,1788-1-1-GV,,device_not_recording
1768499940000,2026-01-15T17:59:00Z,1788-1-1-GV,,device_not_recording
1768500000000,2026-01-15T18:00:00Z,1788-1-1-GV,,device_not_recording
1768500060000,2026-01-15T18:01:00Z,1788-1-1-GV,,device_not_recording
1768500120000,2026-01-15T18:02:00Z,1788-1-1-GV,,device_not_recording
1768500180000,2026-01-15T18:03:00Z,1788-1-1-GV,,device_not_recording
1768500240000,2026-01-15T18:04:00Z,1788-1-1-GV,,device_not_recording
1768500300000,2026-01-15T18:05:00Z,1788-1-1-GV,,device_not_recording
1768500360000,2026-01-15T18:06:00Z,1788-1-1-GV,,device_not_recording
1768500420000,2026-01-15T18:07:00Z,1788-1-1-GV,,device_not_recording
1768500480000,2026-01-15T18:08:00Z,1788-1-1-GV,,device_not_recording
1768500540000,2026-01-15T18:09:00Z,1788-1-1-GV,,device_not_recording
1768500600000,2026-01-15T18:10:00Z,1788-1-1-GV,,device_not_recording
1768500660000,2026-01-15T18:11:00Z,1788-1-1-GV,,device_not_recording
1768500720000,2026-01-15T18:12:00Z,1788-1-1-GV,,device_not_recording
1768500780000,2026-01-15T18:13:00Z,1788-1-1-GV,,device_not_recording
1768500840000,2026-01-15T18:14:00Z,1788-1-1-GV,,device_not_recording
1768500900000,2026-01-15T18:15:00Z,1788-1-1-GV,,device_not_recording
1768500960000,2026-01-15T18:16:00Z,1788-1-1-GV,,device_not_recording
1768501020000,2026-01-15T18:17:00Z,1788-1-1-GV,,device_not_recording
1768501080000,2026-01-15T18:18:00Z,1788-1-1-GV,,device_not_recording
1768501140000,2026-01-15T18:19:00Z,1788-1-1-GV,,device_not_recording
1768501200000,2026-01-15T18:20:00Z,1788-1-1-GV,,device_not_recording
1768501260000,2026-01-15T18:21:00Z,1788-1-1-GV,,device_not_recording
1768501320000,2026-01-15T18:22:00Z,1788-1-1-GV,,device_not_recording
1768501380000,2026-01-15T18:23:00Z,1788-1-1-GV,,device_not_recording
1768501440000,2026-01-15T18:24:00Z,1788-1-1-GV,,device_not_recording
1768501500000,2026-01-15T18:25:00Z,1788-1-1-GV,,device_not_recording
1768501560000,2026-01-15T18:26:00Z,1788-1-1-GV,,device_not_recording
1768501620000,2026-01-15T18:27:00Z,1788-1-1-GV,,device_not_recording
1768501680000,2026-01-15T18:28:00Z,1788-1-1-GV,,device_not_recording
1768501740000,2026-01-15T18:29:00Z,1788-1-1-GV,,device_not_recording
1768501800000,2026-01-15T18:30:00Z,1788-1-1-GV,,device_not_recording
1768501860000,2026-01-15T18:31:00Z,1788-1-1-GV,,device_not_recording
1768501920000,2026-01-15T18:32:00Z,1788-1-1-GV,,device_not_recording
1768501980000,2026-01-15T18:33:00Z,1788-1-1-GV,,device_not_recording
1768502040000,2026-01-15T18:34:00Z,1788-1-1-GV,,device_not_recording
1768502100000,2026-01-15T18:35:00Z,1788-1-1-GV,,device_not_recording
1768502160000,2026-01-15T18:36:00Z,1788-1-1-GV,,device_not_recording
1768502220000,2026-01-15T18:37:00Z,1788-1-1-GV,,device_not_recording
1768502280000,2026-01-15T18:38:00Z,1788-1-1-GV,,device_not_recording
1768502340000,2026-01-15T18:39:00Z,1788-1-1-GV,,device_not_recording
1768502400000,2026-01-15T18:40:00Z,1788-1-1-GV,,device_not_recording
1768502460000,2026-01-15T18:41:00Z,1788-1-1-GV,,device_not_recording
1768502520000,2026-01-15T18:42:00Z,1788-1-1-GV,,device_not_recording
1768502580000,2026-01-15T18:43:00Z,1788-1-1-GV,,device_not_recording
1768502640000,2026-01-15T18:44:00Z,1788-1-1-GV,,device_not_recording
1768502700000,2026-01-15T18:45:00Z,1788-1-1-GV,,device_not_recording
1768502760000,2026-01-15T18:46:00Z,1788-1-1-GV,,device_not_recording
1768502820000,2026-01-15T18:47:00Z,1788-1-1-GV,,device_not_recording
1768502880000,2026-01-15T18:48:00Z,1788-1-1-GV,,device_not_recording
1768502940000,2026-01-15T18:49:00Z,1788-1-1-GV,,device_not_recording
1768503000000,2026-01-15T18:50:00Z,1788-1-1-GV,,device_not_recording
1768503060000,2026-01-15T18:51:00Z,1788-1-1-GV,,device_not_recording
1768503120000,2026-01-15T18:52:00Z,1788-1-1-GV,,device_not_recording
1768503180000,2026-01-15T18:53:00Z,1788-1-1-GV,,device_not_recording
1768503240000,2026-01-15T18:54:00Z,1788-1-1-GV,,device_not_recording
1768503300000,2026-01-15T18:55:00Z,1788-1-1-GV,,device_not_recording
1768503360000,2026-01-15T18:56:00Z,1788-1-1-GV,,device_not_recording
1768503420000,2026-01-15T18:57:00Z,1788-1-1-GV,,device_not_recording
1768503480000,2026-01-15T18:58:00Z,1788-1-1-GV,,device_not_recording
1768503540000,2026-01-15T18:59:00Z,1788-1-1-GV,,device_not_recording
1768503600000,2026-01-15T19:00:00Z,1788-1-1-GV,,device_not_recording
1768503660000,2026-01-15T19:01:00Z,1788-1-1-GV,,device_not_recording
1768503720000,2026-01-15T19:02:00Z,1788-1-1-GV,,device_not_recording
1768503780000,2026-01-15T19:03:00Z,1788-1-1-GV,,device_not_recording
1768503840000,2026-01-15T19:04:00Z,1788-1-1-GV,,device_not_recording
1768503900000,2026-01-15T19:05:00Z,1788-1-1-GV,,device_not_recording
1768503960000,2026-01-15T19:06:00Z,1788-1-1-GV,,device_not_recording
1768504020000,2026-01-15T19:07:00Z,1788-1-1-GV,,device_not_recording
1768504080000,2026-01-15T19:08:00Z,1788-1-1-GV,,device_not_recording
1768504140000,2026-01-15T19:09:00Z,1788-1-1-GV,,device_not_recording
1768504200000,2026-01-15T19:10:00Z,1788-1-1-GV,,device_not_recording
1768504260000,2026-01-15T19:11:00Z,1788-1-1-GV,,device_not_recording
1768504320000,2026-01-15T19:12:00Z,1788-1-1-GV,,device_not_recording
1768504380000,2026-01-15T19:13:00Z,1788-1-1-GV,,device_not_recording
1768504440000,2026-01-15T19:14:00Z,1788-1-1-GV,,device_not_recording
1768504500000,2026-01-15T19:15:00Z,1788-1-1-GV,,device_not_recording
1768504560000,2026-01-15T19:16:00Z,1788-1-1-GV,,device_not_recording
1768504620000,2026-01-15T19:17:00Z,1788-1-1-GV,,device_not_recording
1768504680000,2026-01-15T19:18:00Z,1788-1-1-GV,,device_not_recording
1768504740000,2026-01-15T19:19:00Z,1788-1-1-GV,,device_not_recording
1768504800000,2026-01-15T19:20:00Z,1788-1-1-GV,,device_not_recording
1768504860000,2026-01-15T19:21:00Z,1788-1-1-GV,,device_not_recording
1768504920000,2026-01-15T19:22:00Z,1788-1-1-GV,,device_not_recording
1768504980000,2026-01-15T19:23:00Z,1788-1-1-GV,,device_not_recording
1768505040000,2026-01-15T19:24:00Z,1788-1-1-GV,,device_not_recording
1768505100000,2026-01-15T19:25:00Z,1788-1-1-GV,,device_not_recording
1768505160000,2026-01-15T19:26:00Z,1788-1-1-GV,,device_not_recording
1768505220000,2026-01-15T19:27:00Z,1788-1-1-GV,,device_not_recording
1768505280000,2026-01-15T19:28:00Z,1788-1-1-GV,,device_not_recording
1768505340000,2026-01-15T19:29:00Z,1788-1-1-GV,,device_not_recording
1768505400000,2026-01-15T19:30:00Z,1788-1-1-GV,,device_not_recording
1768505460000,2026-01-15T19:31:00Z,1788-1-1-GV,,device_not_recording
1768505520000,2026-01-15T19:32:00Z,1788-1-1-GV,,device_not_recording
1768505580000,2026-01-15T19:33:00Z,1788-1-1-GV,,device_not_recording
1768505640000,2026-01-15T19:34:00Z,1788-1-1-GV,,device_not_recording
1768505700000,2026-01-15T19:35:00Z,1788-1-1-GV,,device_not_recording
1768505760000,2026-01-15T19:36:00Z,1788-1-1-GV,,device_not_recording
1768505820000,2026-01-15T19:37:00Z,1788-1-1-GV,,device_not_recording
1768505880000,2026-01-15T19:38:00Z,1788-1-1-GV,,device_not_recording
1768505940000,2026-01-15T19:39:00Z,1788-1-1-GV,,device_not_recording
1768506000000,2026-01-15T19:40:00Z,1788-1-1-GV,,device_not_recording
1768506060000,2026-01-15T19:41:00Z,1788-1-1-GV,,device_not_recording
1768506120000,2026-01-15T19:42:00Z,1788-1-1-GV,,device_not_recording
1768506180000,2026-01-15T19:43:00Z,1788-1-1-GV,,device_not_recording
1768506240000,2026-01-15T19:44:00Z,1788-1-1-GV,,device_not_recording
1768506300000,2026-01-15T19:45:00Z,1788-1-1-GV,,device_not_recording
1768506360000,2026-01-15T19:46:00Z,1788-1-1-GV,,device_not_recording
1768506420000,2026-01-15T19:47:00Z,1788-1-1-GV,,device_not_recording
1768506480000,2026-01-15T19:48:00Z,1788-1-1-GV,,device_not_recording
1768506540000,2026-01-15T19:49:00Z,1788-1-1-GV,,device_not_recording
1768506600000,2026-01-15T19:50:00Z,1788-1-1-GV,,device_not_recording
1768506660000,2026-01-15T19:51:00Z,1788-1-1-GV,,device_not_recording
1768506720000,2026-01-15T19:52:00Z,1788-1-1-GV,,device_not_recording
1768506780000,2026-01-15T19:53:00Z,1788-1-1-GV,,device_not_recording
1768506840000,2026-01-15T19:54:00Z,1788-1-1-GV,,device_not_recording
1768506900000,2026-01-15T19:55:00Z,1788-1-1-GV,,device_not_recording
1768506960000,2026-01-15T19:56:00Z,1788-1-1-GV,,device_not_recording
1768507020000,2026-01-15T19:57:00Z,1788-1-1-GV,,device_not_recording
1768507080000,2026-01-15T19:58:00Z,1788-1-1-GV,,device_not_recording
1768507140000,2026-01-15T19:59:00Z,1788-1-1-GV,,device_not_recording
1768507200000,2026-01-15T20:00:00Z,1788-1-1-GV,,device_not_recording
1768507260000,2026-01-15T20:01:00Z,1788-1-1-GV,,device_not_recording
1768507320000,2026-01-15T20:02:00Z,1788-1-1-GV,,device_not_recording
1768507380000,2026-01-15T20:03:00Z,1788-1-1-GV,,device_not_recording
1768507440000,2026-01-15T20:04:00Z,1788-1-1-GV,,device_not_recording
1768507500000,2026-01-15T20:05:00Z,1788-1-1-GV,,device_not_recording
1768507560000,2026-01-15T20:06:00Z,1788-1-1-GV,,device_not_recording
1768507620000,2026-01-15T20:07:00Z,1788-1-1-GV,,device_not_recording
1768507680000,2026-01-15T20:08:00Z,1788-1-1-GV,,device_not_recording
1768507740000,2026-01-15T20:09:00Z,1788-1-1-GV,,device_not_recording
1768507800000,2026-01-15T20:10:00Z,1788-1-1-GV,,device_not_recording
1768507860000,2026-01-15T20:11:00Z,1788-1-1-GV,,device_not_recording
1768507920000,2026-01-15T20:12:00Z,1788-1-1-GV,,device_not_recording
1768507980000,2026-01-15T20:13:00Z,1788-1-1-GV,,device_not_recording
1768508040000,2026-01-15T20:14:00Z,1788-1-1-GV,,device_not_recording
1768508100000,2026-01-15T20:15:00Z,1788-1-1-GV,,device_not_recording
1768508160000,2026-01-15T20:16:00Z,1788-1-1-GV,,device_not_recording
1768508220000,2026-01-15T20:17:00Z,1788-1-1-GV,,device_not_recording
1768508280000,2026-01-15T20:18:00Z,1788-1-1-GV,,device_not_recording
1768508340000,2026-01-15T20:19:00Z,1788-1-1-GV,,device_not_recording
1768508400000,2026-01-15T20:20:00Z,1788-1-1-GV,,device_not_recording
1768508460000,2026-01-15T20:21:00Z,1788-1-1-GV,,device_not_recording
1768508520000,2026-01-15T20:22:00Z,1788-1-1-GV,,device_not_recording
1768508580000,2026-01-15T20:23:00Z,1788-1-1-GV,,device_not_recording
1768508640000,2026-01-15T20:24:00Z,1788-1-1-GV,,device_not_recording
1768508700000,2026-01-15T20:25:00Z,1788-1-1-GV,,device_not_recording
1768508760000,2026-01-15T20:26:00Z,1788-1-1-GV,,device_not_recording
1768508820000,2026-01-15T20:27:00Z,1788-1-1-GV,,device_not_recording
1768508880000,2026-01-15T20:28:00Z,1788-1-1-GV,,device_not_recording
1768508940000,2026-01-15T20:29:00Z,1788-1-1-GV,,device_not_recording
1768509000000,2026-01-15T20:30:00Z,1788-1-1-GV,,device_not_recording
1768509060000,2026-01-15T20:31:00Z,1788-1-1-GV,,device_not_recording
1768509120000,2026-01-15T20:32:00Z,1788-1-1-GV,,device_not_recording
1768509180000,2026-01-15T20:33:00Z,1788-1-1-GV,,device_not_recording
1768509240000,2026-01-15T20:34:00Z,1788-1-1-GV,,device_not_recording
1768509300000,2026-01-15T20:35:00Z,1788-1-1-GV,,device_not_recording
1768509360000,2026-01-15T20:36:00Z,1788-1-1-GV,,device_not_recording
1768509420000,2026-01-15T20:37:00Z,1788-1-1-GV,,device_not_recording
1768509480000,2026-01-15T20:38:00Z,1788-1-1-GV,,device_not_recording
1768509540000,2026-01-15T20:39:00Z,1788-1-1-GV,,device_not_recording
1768509600000,2026-01-15T20:40:00Z,1788-1-1-GV,,device_not_recording
1768509660000,2026-01-15T20:41:00Z,1788-1-1-GV,,device_not_recording
1768509720000,2026-01-15T20:42:00Z,1788-1-1-GV,,device_not_recording
1768509780000,2026-01-15T20:43:00Z,1788-1-1-GV,,device_not_recording
1768509840000,2026-01-15T20:44:00Z,1788-1-1-GV,,device_not_recording
1768509900000,2026-01-15T20:45:00Z,1788-1-1-GV,,device_not_recording
1768509960000,2026-01-15T20:46:00Z,1788-1-1-GV,,device_not_recording
1768510020000,2026-01-15T20:47:00Z,1788-1-1-GV,,device_not_recording
1768510080000,2026-01-15T20:48:00Z,1788-1-1-GV,,device_not_recording
1768510140000,2026-01-15T20:49:00Z,1788-1-1-GV,,device_not_recording
1768510200000,2026-01-15T20:50:00Z,1788-1-1-GV,,device_not_recording
1768510260000,2026-01-15T20:51:00Z,1788-1-1-GV,,device_not_recording
1768510320000,2026-01-15T20:52:00Z,1788-1-1-GV,,device_not_recording
1768510380000,2026-01-15T20:53:00Z,1788-1-1-GV,,device_not_recording
1768510440000,2026-01-15T20:54:00Z,1788-1-1-GV,,device_not_recording
1768510500000,2026-01-15T20:55:00Z,1788-1-1-GV,,device_not_recording
1768510560000,2026-01-15T20:56:00Z,1788-1-1-GV,,device_not_recording
1768510620000,2026-01-15T20:57:00Z,1788-1-1-GV,,device_not_recording
1768510680000,2026-01-15T20:58:00Z,1788-1-1-GV,,device_not_recording
1768510740000,2026-01-15T20:59:00Z,1788-1-1-GV,,device_not_recording
1768510800000,2026-01-15T21:00:00Z,1788-1-1-GV,,device_not_recording
1768510860000,2026-01-15T21:01:00Z,1788-1-1-GV,,device_not_recording
1768510920000,2026-01-15T21:02:00Z,1788-1-1-GV,,device_not_recording
1768510980000,2026-01-15T21:03:00Z,1788-1-1-GV,,device_not_recording
1768511040000,2026-01-15T21:04:00Z,1788-1-1-GV,,device_not_recording
1768511100000,2026-01-15T21:05:00Z,1788-1-1-GV,,device_not_recording
1768511160000,2026-01-15T21:06:00Z,1788-1-1-GV,,device_not_recording
1768511220000,2026-01-15T21:07:00Z,1788-1-1-GV,,device_not_recording
1768511280000,2026-01-15T21:08:00Z,1788-1-1-GV,,device_not_recording
1768511340000,2026-01-15T21:09:00Z,1788-1-1-GV,,device_not_recording
1768511400000,2026-01-15T21:10:00Z,1788-1-1-GV,,device_not_recording
1768511460000,2026-01-15T21:11:00Z,1788-1-1-GV,,device_not_recording
1768511520000,2026-01-15T21:12:00Z,1788-1-1-GV,,device_not_recording
1768511580000,2026-01-15T21:13:00Z,1788-1-1-GV,,device_not_recording
1768511640000,2026-01-15T21:14:00Z,1788-1-1-GV,,device_not_recording
1768511700000,2026-01-15T21:15:00Z,1788-1-1-GV,,device_not_recording
1768511760000,2026-01-15T21:16:00Z,1788-1-1-GV,,device_not_recording
1768511820000,2026-01-15T21:17:00Z,1788-1-1-GV,,device_not_recording
1768511880000,2026-01-15T21:18:00Z,1788-1-1-GV,,device_not_recording
1768511940000,2026-01-15T21:19:00Z,1788-1-1-GV,,device_not_recording
1768512000000,2026-01-15T21:20:00Z,1788-1-1-GV,,device_not_recording
1768512060000,2026-01-15T21:21:00Z,1788-1-1-GV,,device_not_recording
1768512120000,2026-01-15T21:22:00Z,1788-1-1-GV,,device_not_recording
1768512180000,2026-01-15T21:23:00Z,1788-1-1-GV,,device_not_recording
1768512240000,2026-01-15T21:24:00Z,1788-1-1-GV,,device_not_recording
1768512300000,2026-01-15T21:25:00Z,1788-1-1-GV,,device_not_recording
1768512360000,2026-01-15T21:26:00Z,1788-1-1-GV,,device_not_recording
1768512420000,2026-01-15T21:27:00Z,1788-1-1-GV,,device_not_recording
1768512480000,2026-01-15T21:28:00Z,1788-1-1-GV,,device_not_recording
1768512540000,2026-01-15T21:29:00Z,1788-1-1-GV,,device_not_recording
1768512600000,2026-01-15T21:30:00Z,1788-1-1-GV,,device_not_recording
1768512660000,2026-01-15T21:31:00Z,1788-1-1-GV,,device_not_recording
1768512720000,2026-01-15T21:32:00Z,1788-1-1-GV,,device_not_recording
1768512780000,2026-01-15T21:33:00Z,1788-1-1-GV,,device_not_recording
1768512840000,2026-01-15T21:34:00Z,1788-1-1-GV,,device_not_recording
1768512900000,2026-01-15T21:35:00Z,1788-1-1-GV,,device_not_recording
1768512960000,2026-01-15T21:36:00Z,1788-1-1-GV,,device_not_recording
1768513020000,2026-01-15T21:37:00Z,1788-1-1-GV,,device_not_recording
1768513080000,2026-01-15T21:38:00Z,1788-1-1-GV,,device_not_recording
1768513140000,2026-01-15T21:39:00Z,1788-1-1-GV,,device_not_recording
1768513200000,2026-01-15T21:40:00Z,1788-1-1-GV,,device_not_recording
1768513260000,2026-01-15T21:41:00Z,1788-1-1-GV,,device_not_recording
1768513320000,2026-01-15T21:42:00Z,1788-1-1-GV,,device_not_recording
1768513380000,2026-01-15T21:43:00Z,1788-1-1-GV,,device_not_recording
1768513440000,2026-01-15T21:44:00Z,1788-1-1-GV,,device_not_recording
1768513500000,2026-01-15T21:45:00Z,1788-1-1-GV,,device_not_recording
1768513560000,2026-01-15T21:46:00Z,1788-1-1-GV,,device_not_recording
1768513620000,2026-01-15T21:47:00Z,1788-1-1-GV,,device_not_recording
1768513680000,2026-01-15T21:48:00Z,1788-1-1-GV,,device_not_recording
1768513740000,2026-01-15T21:49:00Z,1788-1-1-GV,,device_not_recording
1768513800000,2026-01-15T21:50:00Z,1788-1-1-GV,,device_not_recording
1768513860000,2026-01-15T21:51:00Z,1788-1-1-GV,,device_not_recording
1768513920000,2026-01-15T21:52:00Z,1788-1-1-GV,,device_not_recording
1768513980000,2026-01-15T21:53:00Z,1788-1-1-GV,,device_not_recording
1768514040000,2026-01-15T21:54:00Z,1788-1-1-GV,,device_not_recording
1768514100000,2026-01-15T21:55:00Z,1788-1-1-GV,,device_not_recording
1768514160000,2026-01-15T21:56:00Z,1788-1-1-GV,,device_not_recording
1768514220000,2026-01-15T21:57:00Z,1788-1-1-GV,,device_not_recording
1768514280000,2026-01-15T21:58:00Z,1788-1-1-GV,,device_not_recording
1768514340000,2026-01-15T21:59:00Z,1788-1-1-GV,,device_not_recording
1768514400000,2026-01-15T22:00:00Z,1788-1-1-GV,,device_not_recording
1768514460000,2026-01-15T22:01:00Z,1788-1-1-GV,,device_not_recording
1768514520000,2026-01-15T22:02:00Z,1788-1-1-GV,,device_not_recording
1768514580000,2026-01-15T22:03:00Z,1788-1-1-GV,,device_not_recording
1768514640000,2026-01-15T22:04:00Z,1788-1-1-GV,,device_not_recording
1768514700000,2026-01-15T22:05:00Z,1788-1-1-GV,,device_not_recording
1768514760000,2026-01-15T22:06:00Z,1788-1-1-GV,,device_not_recording
1768514820000,2026-01-15T22:07:00Z,1788-1-1-GV,,device_not_recording
1768514880000,2026-01-15T22:08:00Z,1788-1-1-GV,,device_not_recording
1768514940000,2026-01-15T22:09:00Z,1788-1-1-GV,,device_not_recording
1768515000000,2026-01-15T22:10:00Z,1788-1-1-GV,,device_not_recording
1768515060000,2026-01-15T22:11:00Z,1788-1-1-GV,,device_not_recording
1768515120000,2026-01-15T22:12:00Z,1788-1-1-GV,,device_not_recording
1768515180000,2026-01-15T22:13:00Z,1788-1-1-GV,,device_not_recording
1768515240000,2026-01-15T22:14:00Z,1788-1-1-GV,,device_not_recording
1768515300000,2026-01-15T22:15:00Z,1788-1-1-GV,,device_not_recording
1768515360000,2026-01-15T22:16:00Z,1788-1-1-GV,,device_not_recording
1768515420000,2026-01-15T22:17:00Z,1788-1-1-GV,,device_not_recording
1768515480000,2026-01-15T22:18:00Z,1788-1-1-GV,,device_not_recording
1768515540000,2026-01-15T22:19:00Z,1788-1-1-GV,,device_not_recording
1768515600000,2026-01-15T22:20:00Z,1788-1-1-GV,,device_not_recording
1768515660000,2026-01-15T22:21:00Z,1788-1-1-GV,,device_not_recording
1768515720000,2026-01-15T22:22:00Z,1788-1-1-GV,,device_not_recording
1768515780000,2026-01-15T22:23:00Z,1788-1-1-GV,,device_not_recording
1768515840000,2026-01-15T22:24:00Z,1788-1-1-GV,,device_not_recording
1768515900000,2026-01-15T22:25:00Z,1788-1-1-GV,,device_not_recording
1768515960000,2026-01-15T22:26:00Z,1788-1-1-GV,,device_not_recording
1768516020000,2026-01-15T22:27:00Z,1788-1-1-GV,,device_not_recording
1768516080000,2026-01-15T22:28:00Z,1788-1-1-GV,,device_not_recording
1768516140000,2026-01-15T22:29:00Z,1788-1-1-GV,,device_not_recording
1768516200000,2026-01-15T22:30:00Z,1788-1-1-GV,,device_not_recording
1768516260000,2026-01-15T22:31:00Z,1788-1-1-GV,,device_not_recording
1768516320000,2026-01-15T22:32:00Z,1788-1-1-GV,,device_not_recording
1768516380000,2026-01-15T22:33:00Z,1788-1-1-GV,,device_not_recording
1768516440000,2026-01-15T22:34:00Z,1788-1-1-GV,,device_not_recording
1768516500000,2026-01-15T22:35:00Z,1788-1-1-GV,,device_not_recording
1768516560000,2026-01-15T22:36:00Z,1788-1-1-GV,,device_not_recording
1768516620000,2026-01-15T22:37:00Z,1788-1-1-GV,,device_not_recording
1768516680000,2026-01-15T22:38:00Z,1788-1-1-GV,,device_not_recording
1768516740000,2026-01-15T22:39:00Z,1788-1-1-GV,,device_not_recording
1768516800000,2026-01-15T22:40:00Z,1788-1-1-GV,,device_not_recording
1768516860000,2026-01-15T22:41:00Z,1788-1-1-GV,,device_not_recording
1768516920000,2026-01-15T22:42:00Z,1788-1-1-GV,,device_not_recording
1768516980000,2026-01-15T22:43:00Z,1788-1-1-GV,,device_not_recording
1768517040000,2026-01-15T22:44:00Z,1788-1-1-GV,,device_not_recording
1768517100000,2026-01-15T22:45:00Z,1788-1-1-GV,,device_not_recording
1768517160000,2026-01-15T22:46:00Z,1788-1-1-GV,,device_not_recording
1768517220000,2026-01-15T22:47:00Z,1788-1-1-GV,,device_not_recording
1768517280000,2026-01-15T22:48:00Z,1788-1-1-GV,,device_not_recording
1768517340000,2026-01-15T22:49:00Z,1788-1-1-GV,,device_not_recording
1768517400000,2026-01-15T22:50:00Z,1788-1-1-GV,,device_not_recording
1768517460000,2026-01-15T22:51:00Z,1788-1-1-GV,,device_not_recording
1768517520000,2026-01-15T22:52:00Z,1788-1-1-GV,,device_not_recording
1768517580000,2026-01-15T22:53:00Z,1788-1-1-GV,,device_not_recording
1768517640000,2026-01-15T22:54:00Z,1788-1-1-GV,,device_not_recording
1768517700000,2026-01-15T22:55:00Z,1788-1-1-GV,,device_not_recording
1768517760000,2026-01-15T22:56:00Z,1788-1-1-GV,,device_not_recording
1768517820000,2026-01-15T22:57:00Z,1788-1-1-GV,,device_not_recording
1768517880000,2026-01-15T22:58:00Z,1788-1-1-GV,,device_not_recording
1768517940000,2026-01-15T22:59:00Z,1788-1-1-GV,,device_not_recording
1768518000000,2026-01-15T23:00:00Z,1788-1-1-GV,,device_not_recording
1768518060000,2026-01-15T23:01:00Z,1788-1-1-GV,,device_not_recording
1768518120000,2026-01-15T23:02:00Z,1788-1-1-GV,,device_not_recording
1768518180000,2026-01-15T23:03:00Z,1788-1-1-GV,,device_not_recording
1768518240000,2026-01-15T23:04:00Z,1788-1-1-GV,,device_not_recording
1768518300000,2026-01-15T23:05:00Z,1788-1-1-GV,,device_not_recording
1768518360000,2026-01-15T23:06:00Z,1788-1-1-GV,,device_not_recording
1768518420000,2026-01-15T23:07:00Z,1788-1-1-GV,,device_not_recording
1768518480000,2026-01-15T23:08:00Z,1788-1-1-GV,,device_not_recording
1768518540000,2026-01-15T23:09:00Z,1788-1-1-GV,,device_not_recording
1768518600000,2026-01-15T23:10:00Z,1788-1-1-GV,,device_not_recording
1768518660000,2026-01-15T23:11:00Z,1788-1-1-GV,,device_not_recording
1768518720000,2026-01-15T23:12:00Z,1788-1-1-GV,,device_not_recording
1768518780000,2026-01-15T23:13:00Z,1788-1-1-GV,,device_not_recording
1768518840000,2026-01-15T23:14:00Z,1788-1-1-GV,,device_not_recording
1768518900000,2026-01-15T23:15:00Z,1788-1-1-GV,,device_not_recording
1768518960000,2026-01-15T23:16:00Z,1788-1-1-GV,,device_not_recording
1768519020000,2026-01-15T23:17:00Z,1788-1-1-GV,,device_not_recording
1768519080000,2026-01-15T23:18:00Z,1788-1-1-GV,,device_not_recording
1768519140000,2026-01-15T23:19:00Z,1788-1-1-GV,,device_not_recording
1768519200000,2026-01-15T23:20:00Z,1788-1-1-GV,,device_not_recording
1768519260000,2026-01-15T23:21:00Z,1788-1-1-GV,,device_not_recording
1768519320000,2026-01-15T23:22:00Z,1788-1-1-GV,,device_not_recording
1768519380000,2026-01-15T23:23:00Z,1788-1-1-GV,,device_not_recording
1768519440000,2026-01-15T23:24:00Z,1788-1-1-GV,,device_not_recording
1768519500000,2026-01-15T23:25:00Z,1788-1-1-GV,,device_not_recording
1768519560000,2026-01-15T23:26:00Z,1788-1-1-GV,,device_not_recording
1768519620000,2026-01-15T23:27:00Z,1788-1-1-GV,,device_not_recording
1768519680000,2026-01-15T23:28:00Z,1788-1-1-GV,,device_not_recording
1768519740000,2026-01-15T23:29:00Z,1788-1-1-GV,,device_not_recording
1768519800000,2026-01-15T23:30:00Z,1788-1-1-GV,,device_not_recording
1768519860000,2026-01-15T23:31:00Z,1788-1-1-GV,,device_not_recording
1768519920000,2026-01-15T23:32:00Z,1788-1-1-GV,,device_not_recording
1768519980000,2026-01-15T23:33:00Z,1788-1-1-GV,,device_not_recording
1768520040000,2026-01-15T23:34:00Z,1788-1-1-GV,,device_not_recording
1768520100000,2026-01-15T23:35:00Z,1788-1-1-GV,,device_not_recording
1768520160000,2026-01-15T23:36:00Z,1788-1-1-GV,,device_not_recording
1768520220000,2026-01-15T23:37:00Z,1788-1-1-GV,,device_not_recording
1768520280000,2026-01-15T23:38:00Z,1788-1-1-GV,,device_not_recording
1768520340000,2026-01-15T23:39:00Z,1788-1-1-GV,,device_not_recording
1768520400000,2026-01-15T23:40:00Z,1788-1-1-GV,,device_not_recording
1768520460000,2026-01-15T23:41:00Z,1788-1-1-GV,,device_not_recording
1768520520000,2026-01-15T23:42:00Z,1788-1-1-GV,,device_not_recording
1768520580000,2026-01-15T23:43:00Z,1788-1-1-GV,,device_not_recording
1768520640000,2026-01-15T23:44:00Z,1788-1-1-GV,,device_not_recording
1768520700000,2026-01-15T23:45:00Z,1788-1-1-GV,,device_not_recording
1768520760000,2026-01-15T23:46:00Z,1788-1-1-GV,,device_not_recording
1768520820000,2026-01-15T23:47:00Z,1788-1-1-GV,,device_not_recording
1768520880000,2026-01-15T23:48:00Z,1788-1-1-GV,,device_not_recording
1768520940000,2026-01-15T23:49:00Z,1788-1-1-GV,,device_not_recording
1768521000000,2026-01-15T23:50:00Z,1788-1-1-GV,,device_not_recording
1768521060000,2026-01-15T23:51:00Z,1788-1-1-GV,,device_not_recording
1768521120000,2026-01-15T23:52:00Z,1788-1-1-GV,,device_not_recording
1768521180000,2026-01-15T23:53:00Z,1788-1-1-GV,,device_not_recording
1768521240000,2026-01-15T23:54:00Z,1788-1-1-GV,,device_not_recording
1768521300000,2026-01-15T23:55:00Z,1788-1-1-GV,,device_not_recording
1768521360000,2026-01-15T23:56:00Z,1788-1-1-GV,,device_not_recording
1768521420000,2026-01-15T23:57:00Z,1788-1-1-GV,,device_not_recording
1768521480000,2026-01-15T23:58:00Z,1788-1-1-GV,,device_not_recording
1768521540000,2026-01-15T23:59:00Z,1788-1-1-GV,,device_not_recording
