timestamp_unix,timestamp_iso,participant_full_id,eda_scl_usiemens,missing_value_reason
1769385600000,2026-01-26T00:00:00Z,1788-1-1-GV,,device_not_recording
1769385660000,2026-01-26T00:01:00Z,1788-1-1-GV,,device_not_recording
1769385720000,2026-01-26T00:02:00Z,1788-1-1-GV,,device_not_recording
1769385780000,2026-01-26T00:03:00Z,1788-1-1-GV,,device_not_recording
1769385840000,2026-01-26T00:04:00Z,1788-1-1-GV,,device_not_recording
1769385900000,2026-01-26T00:05:00Z,1788-1-1-GV,,device_not_recording
1769385960000,2026-01-26T00:06:00Z,1788-1-1-GV,,device_not_recording
1769386020000,2026-01-26T00:07:00Z,1788-1-1-GV,,device_not_recording
1769386080000,2026-01-26T00:08:00Z,1788-1-1-GV,,device_not_recording
1769386140000,2026-01-26T00:09:00Z,1788-1-1-GV,,device_not_recording
1769386200000,2026-01-26T00:10:00Z,1788-1-1-GV,,device_not_recording
1769386260000,2026-01-26T00:11:00Z,1788-1-1-GV,,device_not_recording
1769386320000,2026-01-26T00:12:00Z,1788-1-1-GV,,device_not_recording
1769386380000,2026-01-26T00:13:00Z,1788-1-1-GV,,device_not_recording
1769386440000,2026-01-26T00:14:00Z,1788-1-1-GV,,device_not_recording
1769386500000,2026-01-26T00:15:00Z,1788-1-1-GV,,device_not_recording
1769386560000,2026-01-26T00:16:00Z,1788-1-1-GV,,device_not_recording
1769386620000,2026-01-26T00:17:00Z,1788-1-1-GV,,device_not_recording
1769386680000,2026-01-26T00:18:00Z,1788-1-1-GV,,device_not_recording
1769386740000,2026-01-26T00:19:00Z,1788-1-1-GV,,device_not_recording
1769386800000,2026-01-26T00:20:00Z,1788-1-1-GV,,device_not_recording
1769386860000,2026-01-26T00:21:00Z,1788-1-1-GV,,device_not_recording
1769386920000,2026-01-26T00:22:00Z,1788-1-1-GV,,device_not_recording
1769386980000,2026-01-26T00:23:00Z,1788-1-1-GV,,device_not_recording
1769387040000,2026-01-26T00:24:00Z,1788-1-1-GV,,device_not_recording
1769387100000,2026-01-26T00:25:00Z,1788-1-1-GV,,device_not_recording
1769387160000,2026-01-26T00:26:00Z,1788-1-1-GV,,device_not_recording
1769387220000,2026-01-26T00:27:00Z,1788-1-1-GV,,device_not_recording
1769387280000,2026-01-26T00:28:00Z,1788-1-1-GV,,device_not_recording
1769387340000,2026-01-26T00:29:00Z,1788-1-1-GV,,device_not_recording
1769387400000,2026-01-26T00:30:00Z,1788-1-1-GV,,device_not_recording
1769387460000,2026-01-26T00:31:00Z,1788-1-1-GV,,device_not_recording
1769387520000,2026-01-26T00:32:00Z,1788-1-1-GV,,device_not_recording
1769387580000,2026-01-26T00:33:00Z,1788-1-1-GV,,device_not_recording
1769387640000,2026-01-26T00:34:00Z,1788-1-1-GV,,device_not_recording
1769387700000,2026-01-26T00:35:00Z,1788-1-1-GV,,device_not_recording
1769387760000,2026-01-26T00:36:00Z,1788-1-1-GV,,device_not_recording
1769387820000,2026-01-26T00:37:00Z,1788-1-1-GV,,device_not_recording
1769387880000,2026-01-26T00:38:00Z,1788-1-1-GV,,device_not_recording
1769387940000,2026-01-26T00:39:00Z,1788-1-1-GV,,device_not_recording
1769388000000,2026-01-26T00:40:00Z,1788-1-1-GV,,device_not_recording
1769388060000,2026-01-26T00:41:00Z,1788-1-1-GV,,device_not_recording
1769388120000,2026-01-26T00:42:00Z,1788-1-1-GV,,device_not_recording
1769388180000,2026-01-26T00:43:00Z,1788-1-1-GV,,device_not_recording
1769388240000,2026-01-26T00:44:00Z,1788-1-1-GV,,device_not_recording
1769388300000,2026-01-26T00:45:00Z,1788-1-1-GV,,device_not_recording
1769388360000,2026-01-26T00:46:00Z,1788-1-1-GV,,device_not_recording
1769388420000,2026-01-26T00:47:00Z,1788-1-1-GV,,device_not_recording
1769388480000,2026-01-26T00:48:00Z,1788-1-1-GV,,device_not_recording
1769388540000,2026-01-26T00:49:00Z,1788-1-1-GV,,device_not_recording
1769388600000,2026-01-26T00:50:00Z,1788-1-1-GV,,device_not_recording
1769388660000,2026-01-26T00:51:00Z,1788-1-1-GV,,device_not_recording
1769388720000,2026-01-26T00:52:00Z,1788-1-1-GV,,device_not_recording
1769388780000,2026-01-26T00:53:00Z,1788-1-1-GV,,device_not_recording
1769388840000,2026-01-26T00:54:00Z,1788-1-1-GV,,device_not_recording
1769388900000,2026-01-26T00:55:00Z,1788-1-1-GV,,device_not_recording
1769388960000,2026-01-26T00:56:00Z,1788-1-1-GV,,device_not_recording
1769389020000,2026-01-26T00:57:00Z,1788-1-1-GV,,device_not_recording
1769389080000,2026-01-26T00:58:00Z,1788-1-1-GV,,device_not_recording
1769389140000,2026-01-26T00:59:00Z,1788-1-1-GV,,device_not_recording
1769389200000,2026-01-26T01:00:00Z,1788-1-1-GV,,device_not_recording
1769389260000,2026-01-26T01:01:00Z,1788-1-1-GV,,device_not_recording
1769389320000,2026-01-26T01:02:00Z,1788-1-1-GV,,device_not_recording
1769389380000,2026-01-26T01:03:00Z,1788-1-1-GV,,device_not_recording
1769389440000,2026-01-26T01:04:00Z,1788-1-1-GV,,device_not_recording
1769389500000,2026-01-26T01:05:00Z,1788-1-1-GV,,device_not_recording
1769389560000,2026-01-26T01:06:00Z,1788-1-1-GV,,device_not_recording
1769389620000,2026-01-26T01:07:00Z,1788-1-1-GV,,device_not_recording
1769389680000,2026-01-26T01:08:00Z,1788-1-1-GV,,device_not_recording
1769389740000,2026-01-26T01:09:00Z,1788-1-1-GV,,device_not_recording
1769389800000,2026-01-26T01:10:00Z,1788-1-1-GV,,device_not_recording
1769389860000,2026-01-26T01:11:00Z,1788-1-1-GV,,device_not_recording
1769389920000,2026-01-26T01:12:00Z,1788-1-1-GV,,device_not_recording
1769389980000,2026-01-26T01:13:00Z,1788-1-1-GV,,device_not_recording
1769390040000,2026-01-26T01:14:00Z,1788-1-1-GV,,device_not_recording
1769390100000,2026-01-26T01:15:00Z,1788-1-1-GV,,device_not_recording
1769390160000,2026-01-26T01:16:00Z,1788-1-1-GV,,device_not_recording
1769390220000,2026-01-26T01:17:00Z,1788-1-1-GV,,device_not_recording
1769390280000,2026-01-26T01:18:00Z,1788-1-1-GV,,device_not_recording
1769390340000,2026-01-26T01:19:00Z,1788-1-1-GV,,device_not_recording
1769390400000,2026-01-26T01:20:00Z,1788-1-1-GV,,device_not_recording
1769390460000,2026-01-26T01:21:00Z,1788-1-1-GV,,device_not_recording
1769390520000,2026-01-26T01:22:00Z,1788-1-1-GV,,device_not_recording
1769390580000,2026-01-26T01:23:00Z,1788-1-1-GV,,device_not_recording
1769390640000,2026-01-26T01:24:00Z,1788-1-1-GV,,device_not_recording
1769390700000,2026-01-26T01:25:00Z,1788-1-1-GV,,device_not_recording
1769390760000,2026-01-26T01:26:00Z,1788-1-1-GV,,device_not_recording
1769390820000,2026-01-26T01:27:00Z,1788-1-1-GV,,device_not_recording
1769390880000,2026-01-26T01:28:00Z,1788-1-1-GV,,device_not_recording
1769390940000,2026-01-26T01:29:00Z,1788-1-1-GV,,device_not_recording
1769391000000,2026-01-26T01:30:00Z,1788-1-1-GV,,device_not_recording
1769391060000,2026-01-26T01:31:00Z,1788-1-1-GV,,device_not_recording
1769391120000,2026-01-26T01:32:00Z,1788-1-1-GV,,device_not_recording
1769391180000,2026-01-26T01:33:00Z,1788-1-1-GV,,device_not_recording
1769391240000,2026-01-26T01:34:00Z,1788-1-1-GV,,device_not_recording
1769391300000,2026-01-26T01:35:00Z,1788-1-1-GV,,device_not_recording
1769391360000,2026-01-26T01:36:00Z,1788-1-1-GV,,device_not_recording
1769391420000,2026-01-26T01:37:00Z,1788-1-1-GV,,device_not_recording
1769391480000,2026-01-26T01:38:00Z,1788-1-1-GV,,device_not_recording
1769391540000,2026-01-26T01:39:00Z,1788-1-1-GV,,device_not_recording
1769391600000,2026-01-26T01:40:00Z,1788-1-1-GV,,device_not_recording
1769391660000,2026-01-26T01:41:00Z,1788-1-1-GV,,device_not_recording
1769391720000,2026-01-26T01:42:00Z,1788-1-1-GV,,device_not_recording
1769391780000,2026-01-26T01:43:00Z,1788-1-1-GV,,device_not_recording
1769391840000,2026-01-26T01:44:00Z,1788-1-1-GV,,device_not_recording
1769391900000,2026-01-26T01:45:00Z,1788-1-1-GV,,device_not_recording
1769391960000,2026-01-26T01:46:00Z,1788-1-1-GV,,device_not_recording
1769392020000,2026-01-26T01:47:00Z,1788-1-1-GV,,device_not_recording
1769392080000,2026-01-26T01:48:00Z,1788-1-1-GV,,device_not_recording
1769392140000,2026-01-26T01:49:00Z,1788-1-1-GV,,device_not_recording
1769392200000,2026-01-26T01:50:00Z,1788-1-1-GV,,device_not_recording
1769392260000,2026-01-26T01:51:00Z,1788-1-1-GV,,device_not_recording
1769392320000,2026-01-26T01:52:00Z,1788-1-1-GV,,device_not_recording
1769392380000,2026-01-26T01:53:00Z,1788-1-1-GV,,device_not_recording
1769392440000,2026-01-26T01:54:00Z,1788-1-1-GV,,device_not_recording
1769392500000,2026-01-26T01:55:00Z,1788-1-1-GV,,device_not_recording
1769392560000,2026-01-26T01:56:00Z,1788-1-1-GV,,device_not_recording
1769392620000,2026-01-26T01:57:00Z,1788-1-1-GV,,device_not_recording
1769392680000,2026-01-26T01:58:00Z,1788-1-1-GV,,device_not_recording
1769392740000,2026-01-26T01:59:00Z,1788-1-1-GV,,device_not_recording
1769392800000,2026-01-26T02:00:00Z,1788-1-1-GV,,device_not_recording
1769392860000,2026-01-26T02:01:00Z,1788-1-1-GV,,device_not_recording
1769392920000,2026-01-26T02:02:00Z,1788-1-1-GV,,device_not_recording
1769392980000,2026-01-26T02:03:00Z,1788-1-1-GV,,device_not_recording
1769393040000,2026-01-26T02:04:00Z,1788-1-1-GV,,device_not_recording
1769393100000,2026-01-26T02:05:00Z,1788-1-1-GV,,device_not_recording
1769393160000,2026-01-26T02:06:00Z,1788-1-1-GV,,device_not_recording
1769393220000,2026-01-26T02:07:00Z,1788-1-1-GV,,device_not_recording
1769393280000,2026-01-26T02:08:00Z,1788-1-1-GV,,device_not_recording
1769393340000,2026-01-26T02:09:00Z,1788-1-1-GV,,device_not_recording
1769393400000,2026-01-26T02:10:00Z,1788-1-1-GV,,device_not_recording
1769393460000,2026-01-26T02:11:00Z,1788-1-1-GV,,device_not_recording
1769393520000,2026-01-26T02:12:00Z,1788-1-1-GV,,device_not_recording
1769393580000,2026-01-26T02:13:00Z,1788-1-1-GV,,device_not_recording
1769393640000,2026-01-26T02:14:00Z,1788-1-1-GV,,device_not_recording
1769393700000,2026-01-26T02:15:00Z,1788-1-1-GV,,device_not_recording
1769393760000,2026-01-26T02:16:00Z,1788-1-1-GV,,device_not_recording
1769393820000,2026-01-26T02:17:00Z,1788-1-1-GV,,device_not_recording
1769393880000,2026-01-26T02:18:00Z,1788-1-1-GV,,device_not_recording
1769393940000,2026-01-26T02:19:00Z,1788-1-1-GV,,device_not_recording
1769394000000,2026-01-26T02:20:00Z,1788-1-1-GV,,device_not_recording
1769394060000,2026-01-26T02:21:00Z,1788-1-1-GV,,device_not_recording
1769394120000,2026-01-26T02:22:00Z,1788-1-1-GV,,device_not_recording
1769394180000,2026-01-26T02:23:00Z,1788-1-1-GV,,device_not_recording
1769394240000,2026-01-26T02:24:00Z,1788-1-1-GV,,device_not_recording
1769394300000,2026-01-26T02:25:00Z,1788-1-1-GV,,device_not_recording
1769394360000,2026-01-26T02:26:00Z,1788-1-1-GV,,device_not_recording
1769394420000,2026-01-26T02:27:00Z,1788-1-1-GV,,device_not_recording
1769394480000,2026-01-26T02:28:00Z,1788-1-1-GV,,device_not_recording
1769394540000,2026-01-26T02:29:00Z,1788-1-1-GV,,device_not_recording
1769394600000,2026-01-26T02:30:00Z,1788-1-1-GV,,device_not_recording
1769394660000,2026-01-26T02:31:00Z,1788-1-1-GV,,device_not_recording
1769394720000,2026-01-26T02:32:00Z,1788-1-1-GV,,device_not_recording
1769394780000,2026-01-26T02:33:00Z,1788-1-1-GV,,device_not_recording
1769394840000,2026-01-26T02:34:00Z,1788-1-1-GV,,device_not_recording
1769394900000,2026-01-26T02:35:00Z,1788-1-1-GV,,device_not_recording
1769394960000,2026-01-26T02:36:00Z,1788-1-1-GV,,device_not_recording
1769395020000,2026-01-26T02:37:00Z,1788-1-1-GV,,device_not_recording
1769395080000,2026-01-26T02:38:00Z,1788-1-1-GV,,device_not_recording
1769395140000,2026-01-26T02:39:00Z,1788-1-1-GV,,device_not_recording
1769395200000,2026-01-26T02:40:00Z,1788-1-1-GV,,device_not_recording
1769395260000,2026-01-26T02:41:00Z,1788-1-1-GV,,device_not_recording
1769395320000,2026-01-26T02:42:00Z,1788-1-1-GV,,device_not_recording
1769395380000,2026-01-26T02:43:00Z,1788-1-1-GV,,device_not_recording
1769395440000,2026-01-26T02:44:00Z,1788-1-1-GV,,device_not_recording
1769395500000,2026-01-26T02:45:00Z,1788-1-1-GV,,device_not_recording
1769395560000,2026-01-26T02:46:00Z,1788-1-1-GV,,device_not_recording
1769395620000,2026-01-26T02:47:00Z,1788-1-1-GV,,device_not_recording
1769395680000,2026-01-26T02:48:00Z,1788-1-1-GV,,device_not_recording
1769395740000,2026-01-26T02:49:00Z,1788-1-1-GV,,device_not_recording
1769395800000,2026-01-26T02:50:00Z,1788-1-1-GV,,device_not_recording
1769395860000,2026-01-26T02:51:00Z,1788-1-1-GV,,device_not_recording
1769395920000,2026-01-26T02:52:00Z,1788-1-1-GV,,device_not_recording
1769395980000,2026-01-26T02:53:00Z,1788-1-1-GV,,device_not_recording
1769396040000,2026-01-26T02:54:00Z,1788-1-1-GV,,device_not_recording
1769396100000,2026-01-26T02:55:00Z,1788-1-1-GV,,device_not_recording
1769396160000,2026-01-26T02:56:00Z,1788-1-1-GV,,device_not_recording
1769396220000,2026-01-26T02:57:00Z,1788-1-1-GV,,device_not_recording
1769396280000,2026-01-26T02:58:00Z,1788-1-1-GV,,device_not_recording
1769396340000,2026-01-26T02:59:00Z,1788-1-1-GV,,device_not_recording
1769396400000,2026-01-26T03:00:00Z,1788-1-1-GV,,device_not_recording
1769396460000,2026-01-26T03:01:00Z,1788-1-1-GV,,device_not_recording
1769396520000,2026-01-26T03:02:00Z,1788-1-1-GV,,device_not_recording
1769396580000,2026-01-26T03:03:00Z,1788-1-1-GV,,device_not_recording
1769396640000,2026-01-26T03:04:00Z,1788-1-1-GV,,device_not_recording
1769396700000,2026-01-26T03:05:00Z,1788-1-1-GV,,device_not_recording
1769396760000,2026-01-26T03:06:00Z,1788-1-1-GV,,device_not_recording
1769396820000,2026-01-26T03:07:00Z,1788-1-1-GV,,device_not_recording
1769396880000,2026-01-26T03:08:00Z,1788-1-1-GV,,device_not_recording
1769396940000,2026-01-26T03:09:00Z,1788-1-1-GV,,device_not_recording
1769397000000,2026-01-26T03:10:00Z,1788-1-1-GV,,device_not_recording
1769397060000,2026-01-26T03:11:00Z,1788-1-1-GV,,device_not_recording
1769397120000,2026-01-26T03:12:00Z,1788-1-1-GV,,device_not_recording
1769397180000,2026-01-26T03:13:00Z,1788-1-1-GV,,device_not_recording
1769397240000,2026-01-26T03:14:00Z,1788-1-1-GV,,device_not_recording
1769397300000,2026-01-26T03:15:00Z,1788-1-1-GV,,device_not_recording
1769397360000,2026-01-26T03:16:00Z,1788-1-1-GV,,device_not_recording
1769397420000,2026-01-26T03:17:00Z,1788-1-1-GV,,device_not_recording
1769397480000,2026-01-26T03:18:00Z,1788-1-1-GV,,device_not_recording
1769397540000,2026-01-26T03:19:00Z,1788-1-1-GV,,device_not_recording
1769397600000,2026-01-26T03:20:00Z,1788-1-1-GV,,device_not_recording
1769397660000,2026-01-26T03:21:00Z,1788-1-1-GV,,device_not_recording
1769397720000,2026-01-26T03:22:00Z,1788-1-1-GV,,device_not_recording
1769397780000,2026-01-26T03:23:00Z,1788-1-1-GV,,device_not_recording
1769397840000,2026-01-26T03:24:00Z,1788-1-1-GV,,device_not_recording
1769397900000,2026-01-26T03:25:00Z,1788-1-1-GV,,device_not_recording
1769397960000,2026-01-26T03:26:00Z,1788-1-1-GV,,device_not_recording
1769398020000,2026-01-26T03:27:00Z,1788-1-1-GV,,device_not_recording
1769398080000,2026-01-26T03:28:00Z,1788-1-1-GV,,device_not_recording
1769398140000,2026-01-26T03:29:00Z,1788-1-1-GV,,device_not_recording
1769398200000,2026-01-26T03:30:00Z,1788-1-1-GV,,device_not_recording
1769398260000,2026-01-26T03:31:00Z,1788-1-1-GV,,device_not_recording
1769398320000,2026-01-26T03:32:00Z,1788-1-1-GV,,device_not_recording
1769398380000,2026-01-26T03:33:00Z,1788-1-1-GV,,device_not_recording
1769398440000,2026-01-26T03:34:00Z,1788-1-1-GV,,device_not_recording
1769398500000,2026-01-26T03:35:00Z,1788-1-1-GV,,device_not_recording
1769398560000,2026-01-26T03:36:00Z,1788-1-1-GV,,device_not_recording
1769398620000,2026-01-26T03:37:00Z,1788-1-1-GV,,device_not_recording
1769398680000,2026-01-26T03:38:00Z,1788-1-1-GV,,device_not_recording
1769398740000,2026-01-26T03:39:00Z,1788-1-1-GV,,device_not_recording
1769398800000,2026-01-26T03:40:00Z,1788-1-1-GV,,device_not_recording
1769398860000,2026-01-26T03:41:00Z,1788-1-1-GV,,device_not_recording
1769398920000,2026-01-26T03:42:00Z,1788-1-1-GV,,device_not_recording
1769398980000,2026-01-26T03:43:00Z,1788-1-1-GV,,device_not_recording
1769399040000,2026-01-26T03:44:00Z,1788-1-1-GV,,device_not_recording
1769399100000,2026-01-26T03:45:00Z,1788-1-1-GV,,device_not_recording
1769399160000,2026-01-26T03:46:00Z,1788-1-1-GV,,device_not_recording
1769399220000,2026-01-26T03:47:00Z,1788-1-1-GV,,device_not_recording
1769399280000,2026-01-26T03:48:00Z,1788-1-1-GV,,device_not_recording
1769399340000,2026-01-26T03:49:00Z,1788-1-1-GV,,device_not_recording
1769399400000,2026-01-26T03:50:00Z,1788-1-1-GV,,device_not_recording
1769399460000,2026-01-26T03:51:00Z,1788-1-1-GV,,device_not_recording
1769399520000,2026-01-26T03:52:00Z,1788-1-1-GV,,device_not_recording
1769399580000,2026-01-26T03:53:00Z,1788-1-1-GV,,device_not_recording
1769399640000,2026-01-26T03:54:00Z,1788-1-1-GV,,device_not_recording
1769399700000,2026-01-26T03:55:00Z,1788-1-1-GV,,device_not_recording
1769399760000,2026-01-26T03:56:00Z,1788-1-1-GV,,device_not_recording
1769399820000,2026-01-26T03:57:00Z,1788-1-1-GV,,device_not_recording
1769399880000,2026-01-26T03:58:00Z,1788-1-1-GV,,device_not_recording
1769399940000,2026-01-26T03:59:00Z,1788-1-1-GV,,device_not_recording
1769400000000,2026-01-26T04:00:00Z,1788-1-1-GV,,device_not_recording
1769400060000,2026-01-26T04:01:00Z,1788-1-1-GV,,device_not_recording
1769400120000,2026-01-26T04:02:00Z,1788-1-1-GV,,device_not_recording
1769400180000,2026-01-26T04:03:00Z,1788-1-1-GV,,device_not_recording
1769400240000,2026-01-26T04:04:00Z,1788-1-1-GV,,device_not_recording
1769400300000,2026-01-26T04:05:00Z,1788-1-1-GV,,device_not_recording
1769400360000,2026-01-26T04:06:00Z,1788-1-1-GV,,device_not_recording
1769400420000,2026-01-26T04:07:00Z,1788-1-1-GV,,device_not_recording
1769400480000,2026-01-26T04:08:00Z,1788-1-1-GV,,device_not_recording
1769400540000,2026-01-26T04:09:00Z,1788-1-1-GV,,device_not_recording
1769400600000,2026-01-26T04:10:00Z,1788-1-1-GV,,device_not_recording
1769400660000,2026-01-26T04:11:00Z,1788-1-1-GV,,device_not_recording
1769400720000,2026-01-26T04:12:00Z,1788-1-1-GV,,device_not_recording
1769400780000,2026-01-26T04:13:00Z,1788-1-1-GV,,device_not_recording
1769400840000,2026-01-26T04:14:00Z,1788-1-1-GV,,device_not_recording
1769400900000,2026-01-26T04:15:00Z,1788-1-1-GV,,device_not_recording
1769400960000,2026-01-26T04:16:00Z,1788-1-1-GV,,device_not_recording
1769401020000,2026-01-26T04:17:00Z,1788-1-1-GV,,device_not_recording
1769401080000,2026-01-26T04:18:00Z,1788-1-1-GV,,device_not_recording
1769401140000,2026-01-26T04:19:00Z,1788-1-1-GV,,device_not_recording
1769401200000,2026-01-26T04:20:00Z,1788-1-1-GV,,device_not_recording
1769401260000,2026-01-26T04:21:00Z,1788-1-1-GV,,device_not_recording
1769401320000,2026-01-26T04:22:00Z,1788-1-1-GV,,device_not_recording
1769401380000,2026-01-26T04:23:00Z,1788-1-1-GV,,device_not_recording
1769401440000,2026-01-26T04:24:00Z,1788-1-1-GV,,device_not_recording
1769401500000,2026-01-26T04:25:00Z,1788-1-1-GV,,device_not_recording
1769401560000,2026-01-26T04:26:00Z,1788-1-1-GV,,device_not_recording
1769401620000,2026-01-26T04:27:00Z,1788-1-1-GV,,device_not_recording
1769401680000,2026-01-26T04:28:00Z,1788-1-1-GV,,device_not_recording
1769401740000,2026-01-26T04:29:00Z,1788-1-1-GV,,device_not_recording
1769401800000,2026-01-26T04:30:00Z,1788-1-1-GV,,device_not_recording
1769401860000,2026-01-26T04:31:00Z,1788-1-1-GV,,device_not_recording
1769401920000,2026-01-26T04:32:00Z,1788-1-1-GV,,device_not_recording
1769401980000,2026-01-26T04:33:00Z,1788-1-1-GV,,device_not_recording
1769402040000,2026-01-26T04:34:00Z,1788-1-1-GV,,device_not_recording
1769402100000,2026-01-26T04:35:00Z,1788-1-1-GV,,device_not_recording
1769402160000,2026-01-26T04:36:00Z,1788-1-1-GV,,device_not_recording
1769402220000,2026-01-26T04:37:00Z,1788-1-1-GV,,device_not_recording
1769402280000,2026-01-26T04:38:00Z,1788-1-1-GV,,device_not_recording
1769402340000,2026-01-26T04:39:00Z,1788-1-1-GV,,device_not_recording
1769402400000,2026-01-26T04:40:00Z,1788-1-1-GV,,device_not_recording
1769402460000,2026-01-26T04:41:00Z,1788-1-1-GV,,device_not_recording
1769402520000,2026-01-26T04:42:00Z,1788-1-1-GV,,device_not_recording
1769402580000,2026-01-26T04:43:00Z,1788-1-1-GV,,device_not_recording
1769402640000,2026-01-26T04:44:00Z,1788-1-1-GV,,device_not_recording
1769402700000,2026-01-26T04:45:00Z,1788-1-1-GV,,device_not_recording
1769402760000,2026-01-26T04:46:00Z,1788-1-1-GV,,device_not_recording
1769402820000,2026-01-26T04:47:00Z,1788-1-1-GV,,device_not_recording
1769402880000,2026-01-26T04:48:00Z,1788-1-1-GV,,device_not_recording
1769402940000,2026-01-26T04:49:00Z,1788-1-1-GV,,device_not_recording
1769403000000,2026-01-26T04:50:00Z,1788-1-1-GV,,device_not_recording
1769403060000,2026-01-26T04:51:00Z,1788-1-1-GV,,device_not_recording
1769403120000,2026-01-26T04:52:00Z,1788-1-1-GV,,device_not_recording
1769403180000,2026-01-26T04:53:00Z,1788-1-1-GV,,device_not_recording
1769403240000,2026-01-26T04:54:00Z,1788-1-1-GV,,device_not_recording
1769403300000,2026-01-26T04:55:00Z,1788-1-1-GV,,device_not_recording
1769403360000,2026-01-26T04:56:00Z,1788-1-1-GV,,device_not_recording
1769403420000,2026-01-26T04:57:00Z,1788-1-1-GV,,device_not_recording
1769403480000,2026-01-26T04:58:00Z,1788-1-1-GV,,device_not_recording
1769403540000,2026-01-26T04:59:00Z,1788-1-1-GV,,device_not_recording
1769403600000,2026-01-26T05:00:00Z,1788-1-1-GV,,device_not_recording
1769403660000,2026-01-26T05:01:00Z,1788-1-1-GV,,device_not_recording
1769403720000,2026-01-26T05:02:00Z,1788-1-1-GV,,device_not_recording
1769403780000,2026-01-26T05:03:00Z,1788-1-1-GV,,device_not_recording
1769403840000,2026-01-26T05:04:00Z,1788-1-1-GV,,device_not_recording
1769403900000,2026-01-26T05:05:00Z,1788-1-1-GV,,device_not_recording
1769403960000,2026-01-26T05:06:00Z,1788-1-1-GV,,device_not_recording
1769404020000,2026-01-26T05:07:00Z,1788-1-1-GV,,device_not_recording
1769404080000,2026-01-26T05:08:00Z,1788-1-1-GV,,device_not_recording
1769404140000,2026-01-26T05:09:00Z,1788-1-1-GV,,device_not_recording
1769404200000,2026-01-26T05:10:00Z,1788-1-1-GV,,device_not_recording
1769404260000,2026-01-26T05:11:00Z,1788-1-1-GV,,device_not_recording
1769404320000,2026-01-26T05:12:00Z,1788-1-1-GV,,device_not_recording
1769404380000,2026-01-26T05:13:00Z,1788-1-1-GV,,device_not_recording
1769404440000,2026-01-26T05:14:00Z,1788-1-1-GV,,device_not_recording
1769404500000,2026-01-26T05:15:00Z,1788-1-1-GV,,device_not_recording
1769404560000,2026-01-26T05:16:00Z,1788-1-1-GV,,device_not_recording
1769404620000,2026-01-26T05:17:00Z,1788-1-1-GV,,device_not_recording
1769404680000,2026-01-26T05:18:00Z,1788-1-1-GV,,device_not_recording
1769404740000,2026-01-26T05:19:00Z,1788-1-1-GV,,device_not_recording
1769404800000,2026-01-26T05:20:00Z,1788-1-1-GV,,device_not_recording
1769404860000,2026-01-26T05:21:00Z,1788-1-1-GV,,device_not_recording
1769404920000,2026-01-26T05:22:00Z,1788-1-1-GV,,device_not_recording
1769404980000,2026-01-26T05:23:00Z,1788-1-1-GV,,device_not_recording
1769405040000,2026-01-26T05:24:00Z,1788-1-1-GV,,device_not_recording
1769405100000,2026-01-26T05:25:00Z,1788-1-1-GV,,device_not_recording
1769405160000,2026-01-26T05:26:00Z,1788-1-1-GV,,device_not_recording
1769405220000,2026-01-26T05:27:00Z,1788-1-1-GV,,device_not_recording
1769405280000,2026-01-26T05:28:00Z,1788-1-1-GV,,device_not_recording
1769405340000,2026-01-26T05:29:00Z,1788-1-1-GV,,device_not_recording
1769405400000,2026-01-26T05:30:00Z,1788-1-1-GV,,device_not_recording
1769405460000,2026-01-26T05:31:00Z,1788-1-1-GV,,device_not_recording
1769405520000,2026-01-26T05:32:00Z,1788-1-1-GV,,device_not_recording
1769405580000,2026-01-26T05:33:00Z,1788-1-1-GV,,device_not_recording
1769405640000,2026-01-26T05:34:00Z,1788-1-1-GV,,device_not_recording
1769405700000,2026-01-26T05:35:00Z,1788-1-1-GV,,device_not_recording
1769405760000,2026-01-26T05:36:00Z,1788-1-1-GV,,device_not_recording
1769405820000,2026-01-26T05:37:00Z,1788-1-1-GV,,device_not_recording
1769405880000,2026-01-26T05:38:00Z,1788-1-1-GV,,device_not_recording
1769405940000,2026-01-26T05:39:00Z,1788-1-1-GV,,device_not_recording
1769406000000,2026-01-26T05:40:00Z,1788-1-1-GV,,device_not_recording
1769406060000,2026-01-26T05:41:00Z,1788-1-1-GV,,device_not_recording
1769406120000,2026-01-26T05:42:00Z,1788-1-1-GV,,device_not_recording
1769406180000,2026-01-26T05:43:00Z,1788-1-1-GV,,device_not_recording
1769406240000,2026-01-26T05:44:00Z,1788-1-1-GV,,device_not_recording
1769406300000,2026-01-26T05:45:00Z,1788-1-1-GV,,device_not_recording
1769406360000,2026-01-26T05:46:00Z,1788-1-1-GV,,device_not_recording
1769406420000,2026-01-26T05:47:00Z,1788-1-1-GV,,device_not_recording
1769406480000,2026-01-26T05:48:00Z,1788-1-1-GV,,device_not_recording
1769406540000,2026-01-26T05:49:00Z,1788-1-1-GV,,device_not_recording
1769406600000,2026-01-26T05:50:00Z,1788-1-1-GV,,device_not_recording
1769406660000,2026-01-26T05:51:00Z,1788-1-1-GV,,device_not_recording
1769406720000,2026-01-26T05:52:00Z,1788-1-1-GV,,device_not_recording
1769406780000,2026-01-26T05:53:00Z,1788-1-1-GV,,device_not_recording
1769406840000,2026-01-26T05:54:00Z,1788-1-1-GV,,device_not_recording
1769406900000,2026-01-26T05:55:00Z,1788-1-1-GV,,device_not_recording
1769406960000,2026-01-26T05:56:00Z,1788-1-1-GV,,device_not_recording
1769407020000,2026-01-26T05:57:00Z,1788-1-1-GV,,device_not_recording
1769407080000,2026-01-26T05:58:00Z,1788-1-1-GV,,device_not_recording
1769407140000,2026-01-26T05:59:00Z,1788-1-1-GV,,device_not_recording
1769407200000,2026-01-26T06:00:00Z,1788-1-1-GV,,device_not_recording
1769407260000,2026-01-26T06:01:00Z,1788-1-1-GV,,device_not_recording
1769407320000,2026-01-26T06:02:00Z,1788-1-1-GV,,device_not_recording
1769407380000,2026-01-26T06:03:00Z,1788-1-1-GV,,device_not_recording
1769407440000,2026-01-26T06:04:00Z,1788-1-1-GV,,device_not_recording
1769407500000,2026-01-26T06:05:00Z,1788-1-1-GV,,device_not_recording
1769407560000,2026-01-26T06:06:00Z,1788-1-1-GV,,device_not_recording
1769407620000,2026-01-26T06:07:00Z,1788-1-1-GV,,device_not_recording
1769407680000,2026-01-26T06:08:00Z,1788-1-1-GV,,device_not_recording
1769407740000,2026-01-26T06:09:00Z,1788-1-1-GV,,device_not_recording
1769407800000,2026-01-26T06:10:00Z,1788-1-1-GV,,device_not_recording
1769407860000,2026-01-26T06:11:00Z,1788-1-1-GV,,device_not_recording
1769407920000,2026-01-26T06:12:00Z,1788-1-1-GV,,device_not_recording
1769407980000,2026-01-26T06:13:00Z,1788-1-1-GV,,device_not_recording
1769408040000,2026-01-26T06:14:00Z,1788-1-1-GV,,device_not_recording
1769408100000,2026-01-26T06:15:00Z,1788-1-1-GV,,device_not_recording
1769408160000,2026-01-26T06:16:00Z,1788-1-1-GV,,device_not_recording
1769408220000,2026-01-26T06:17:00Z,1788-1-1-GV,,device_not_recording
1769408280000,2026-01-26T06:18:00Z,1788-1-1-GV,,device_not_recording
1769408340000,2026-01-26T06:19:00Z,1788-1-1-GV,,device_not_recording
1769408400000,2026-01-26T06:20:00Z,1788-1-1-GV,,device_not_recording
1769408460000,2026-01-26T06:21:00Z,1788-1-1-GV,,device_not_recording
1769408520000,2026-01-26T06:22:00Z,1788-1-1-GV,,device_not_recording
1769408580000,2026-01-26T06:23:00Z,1788-1-1-GV,,device_not_recording
1769408640000,2026-01-26T06:24:00Z,1788-1-1-GV,,device_not_recording
1769408700000,2026-01-26T06:25:00Z,1788-1-1-GV,,device_not_recording
1769408760000,2026-01-26T06:26:00Z,1788-1-1-GV,,device_not_recording
1769408820000,2026-01-26T06:27:00Z,1788-1-1-GV,,device_not_recording
1769408880000,2026-01-26T06:28:00Z,1788-1-1-GV,,device_not_recording
1769408940000,2026-01-26T06:29:00Z,1788-1-1-GV,,device_not_recording
1769409000000,2026-01-26T06:30:00Z,1788-1-1-GV,,device_not_recording
1769409060000,2026-01-26T06:31:00Z,1788-1-1-GV,,device_not_recording
1769409120000,2026-01-26T06:32:00Z,1788-1-1-GV,,device_not_recording
1769409180000,2026-01-26T06:33:00Z,1788-1-1-GV,,device_not_recording
1769409240000,2026-01-26T06:34:00Z,1788-1-1-GV,,device_not_recording
1769409300000,2026-01-26T06:35:00Z,1788-1-1-GV,,device_not_recording
1769409360000,2026-01-26T06:36:00Z,1788-1-1-GV,,device_not_recording
1769409420000,2026-01-26T06:37:00Z,1788-1-1-GV,,device_not_recording
1769409480000,2026-01-26T06:38:00Z,1788-1-1-GV,,device_not_recording
1769409540000,2026-01-26T06:39:00Z,1788-1-1-GV,,device_not_recording
1769409600000,2026-01-26T06:40:00Z,1788-1-1-GV,,device_not_recording
1769409660000,2026-01-26T06:41:00Z,1788-1-1-GV,,device_not_recording
1769409720000,2026-01-26T06:42:00Z,1788-1-1-GV,,device_not_recording
1769409780000,2026-01-26T06:43:00Z,1788-1-1-GV,,device_not_recording
1769409840000,2026-01-26T06:44:00Z,1788-1-1-GV,,device_not_recording
1769409900000,2026-01-26T06:45:00Z,1788-1-1-GV,,device_not_recording
1769409960000,2026-01-26T06:46:00Z,1788-1-1-GV,,device_not_recording
1769410020000,2026-01-26T06:47:00Z,1788-1-1-GV,,device_not_recording
1769410080000,2026-01-26T06:48:00Z,1788-1-1-GV,,device_not_recording
1769410140000,2026-01-26T06:49:00Z,1788-1-1-GV,,device_not_recording
1769410200000,2026-01-26T06:50:00Z,1788-1-1-GV,,device_not_recording
1769410260000,2026-01-26T06:51:00Z,1788-1-1-GV,,device_not_recording
1769410320000,2026-01-26T06:52:00Z,1788-1-1-GV,,device_not_recording
1769410380000,2026-01-26T06:53:00Z,1788-1-1-GV,,device_not_recording
1769410440000,2026-01-26T06:54:00Z,1788-1-1-GV,,device_not_recording
1769410500000,2026-01-26T06:55:00Z,1788-1-1-GV,,device_not_recording
1769410560000,2026-01-26T06:56:00Z,1788-1-1-GV,,device_not_recording
1769410620000,2026-01-26T06:57:00Z,1788-1-1-GV,,device_not_recording
1769410680000,2026-01-26T06:58:00Z,1788-1-1-GV,,device_not_recording
1769410740000,2026-01-26T06:59:00Z,1788-1-1-GV,,device_not_recording
1769410800000,2026-01-26T07:00:00Z,1788-1-1-GV,,device_not_recording
1769410860000,2026-01-26T07:01:00Z,1788-1-1-GV,,device_not_recording
1769410920000,2026-01-26T07:02:00Z,1788-1-1-GV,,device_not_recording
1769410980000,2026-01-26T07:03:00Z,1788-1-1-GV,,device_not_recording
1769411040000,2026-01-26T07:04:00Z,1788-1-1-GV,,device_not_recording
1769411100000,2026-01-26T07:05:00Z,1788-1-1-GV,,device_not_recording
1769411160000,2026-01-26T07:06:00Z,1788-1-1-GV,,device_not_recording
1769411220000,2026-01-26T07:07:00Z,1788-1-1-GV,,device_not_recording
1769411280000,2026-01-26T07:08:00Z,1788-1-1-GV,,device_not_recording
1769411340000,2026-01-26T07:09:00Z,1788-1-1-GV,,device_not_recording
1769411400000,2026-01-26T07:10:00Z,1788-1-1-GV,,device_not_recording
1769411460000,2026-01-26T07:11:00Z,1788-1-1-GV,,device_not_recording
1769411520000,2026-01-26T07:12:00Z,1788-1-1-GV,,device_not_recording
1769411580000,2026-01-26T07:13:00Z,1788-1-1-GV,,device_not_recording
1769411640000,2026-01-26T07:14:00Z,1788-1-1-GV,,device_not_recording
1769411700000,2026-01-26T07:15:00Z,1788-1-1-GV,,device_not_recording
1769411760000,2026-01-26T07:16:00Z,1788-1-1-GV,,device_not_recording
1769411820000,2026-01-26T07:17:00Z,1788-1-1-GV,,device_not_recording
1769411880000,2026-01-26T07:18:00Z,1788-1-1-GV,,device_not_recording
1769411940000,2026-01-26T07:19:00Z,1788-1-1-GV,,device_not_recording
1769412000000,2026-01-26T07:20:00Z,1788-1-1-GV,,device_not_recording
1769412060000,2026-01-26T07:21:00Z,1788-1-1-GV,,device_not_recording
1769412120000,2026-01-26T07:22:00Z,1788-1-1-GV,,device_not_recording
1769412180000,2026-01-26T07:23:00Z,1788-1-1-GV,,device_not_recording
1769412240000,2026-01-26T07:24:00Z,1788-1-1-GV,,device_not_recording
1769412300000,2026-01-26T07:25:00Z,1788-1-1-GV,,device_not_recording
1769412360000,2026-01-26T07:26:00Z,1788-1-1-GV,,device_not_recording
1769412420000,2026-01-26T07:27:00Z,1788-1-1-GV,,device_not_recording
1769412480000,2026-01-26T07:28:00Z,1788-1-1-GV,,device_not_recording
1769412540000,2026-01-26T07:29:00Z,1788-1-1-GV,,device_not_recording
1769412600000,2026-01-26T07:30:00Z,1788-1-1-GV,,device_not_recording
1769412660000,2026-01-26T07:31:00Z,1788-1-1-GV,,device_not_recording
1769412720000,2026-01-26T07:32:00Z,1788-1-1-GV,,device_not_recording
1769412780000,2026-01-26T07:33:00Z,1788-1-1-GV,,device_not_recording
1769412840000,2026-01-26T07:34:00Z,1788-1-1-GV,,device_not_recording
1769412900000,2026-01-26T07:35:00Z,1788-1-1-GV,,device_not_recording
1769412960000,2026-01-26T07:36:00Z,1788-1-1-GV,,device_not_recording
1769413020000,2026-01-26T07:37:00Z,1788-1-1-GV,,device_not_recording
1769413080000,2026-01-26T07:38:00Z,1788-1-1-GV,,device_not_recording
1769413140000,2026-01-26T07:39:00Z,1788-1-1-GV,,device_not_recording
1769413200000,2026-01-26T07:40:00Z,1788-1-1-GV,,device_not_recording
1769413260000,2026-01-26T07:41:00Z,1788-1-1-GV,,device_not_recording
1769413320000,2026-01-26T07:42:00Z,1788-1-1-GV,,device_not_recording
1769413380000,2026-01-26T07:43:00Z,1788-1-1-GV,,device_not_recording
1769413440000,2026-01-26T07:44:00Z,1788-1-1-GV,,device_not_recording
1769413500000,2026-01-26T07:45:00Z,1788-1-1-GV,,device_not_recording
1769413560000,2026-01-26T07:46:00Z,1788-1-1-GV,,device_not_recording
1769413620000,2026-01-26T07:47:00Z,1788-1-1-GV,,device_not_recording
1769413680000,2026-01-26T07:48:00Z,1788-1-1-GV,,device_not_recording
1769413740000,2026-01-26T07:49:00Z,1788-1-1-GV,,device_not_recording
1769413800000,2026-01-26T07:50:00Z,1788-1-1-GV,,device_not_recording
1769413860000,2026-01-26T07:51:00Z,1788-1-1-GV,,device_not_recording
1769413920000,2026-01-26T07:52:00Z,1788-1-1-GV,,device_not_recording
1769413980000,2026-01-26T07:53:00Z,1788-1-1-GV,,device_not_recording
1769414040000,2026-01-26T07:54:00Z,1788-1-1-GV,,device_not_recording
1769414100000,2026-01-26T07:55:00Z,1788-1-1-GV,,device_not_recording
1769414160000,2026-01-26T07:56:00Z,1788-1-1-GV,,device_not_recording
1769414220000,2026-01-26T07:57:00Z,1788-1-1-GV,,device_not_recording
1769414280000,2026-01-26T07:58:00Z,1788-1-1-GV,,device_not_recording
1769414340000,2026-01-26T07:59:00Z,1788-1-1-GV,,device_not_recording
1769414400000,2026-01-26T08:00:00Z,1788-1-1-GV,,device_not_recording
1769414460000,2026-01-26T08:01:00Z,1788-1-1-GV,,device_not_recording
1769414520000,2026-01-26T08:02:00Z,1788-1-1-GV,,device_not_recording
1769414580000,2026-01-26T08:03:00Z,1788-1-1-GV,,device_not_recording
1769414640000,2026-01-26T08:04:00Z,1788-1-1-GV,,device_not_recording
1769414700000,2026-01-26T08:05:00Z,1788-1-1-GV,,device_not_recording
1769414760000,2026-01-26T08:06:00Z,1788-1-1-GV,,device_not_recording
1769414820000,2026-01-26T08:07:00Z,1788-1-1-GV,,device_not_recording
1769414880000,2026-01-26T08:08:00Z,1788-1-1-GV,,device_not_recording
1769414940000,2026-01-26T08:09:00Z,1788-1-1-GV,,device_not_recording
1769415000000,2026-01-26T08:10:00Z,1788-1-1-GV,,device_not_recording
1769415060000,2026-01-26T08:11:00Z,1788-1-1-GV,,device_not_recording
1769415120000,2026-01-26T08:12:00Z,1788-1-1-GV,,device_not_worn_correctly
1769415180000,2026-01-26T08:13:00Z,1788-1-1-GV,,device_not_worn_correctly
1769415240000,2026-01-26T08:14:00Z,1788-1-1-GV,,device_not_worn_correctly
1769415300000,2026-01-26T08:15:00Z,1788-1-1-GV,,device_not_worn_correctly
1769415360000,2026-01-26T08:16:00Z,1788-1-1-GV,,device_not_worn_correctly
1769415420000,2026-01-26T08:17:00Z,1788-1-1-GV,,device_not_worn_correctly
1769415480000,2026-01-26T08:18:00Z,1788-1-1-GV,,device_not_worn_correctly
1769415540000,2026-01-26T08:19:00Z,1788-1-1-GV,,device_not_worn_correctly
1769415600000,2026-01-26T08:20:00Z,1788-1-1-GV,,device_not_worn_correctly
1769415660000,2026-01-26T08:21:00Z,1788-1-1-GV,,device_not_worn_correctly
1769415720000,2026-01-26T08:22:00Z,1788-1-1-GV,,device_not_worn_correctly
1769415780000,2026-01-26T08:23:00Z,1788-1-1-GV,,device_not_worn_correctly
1769415840000,2026-01-26T08:24:00Z,1788-1-1-GV,,device_not_worn_correctly
1769415900000,2026-01-26T08:25:00Z,1788-1-1-GV,,device_not_worn_correctly
1769415960000,2026-01-26T08:26:00Z,1788-1-1-GV,,device_not_worn_correctly
1769416020000,2026-01-26T08:27:00Z,1788-1-1-GV,,device_not_worn_correctly
1769416080000,2026-01-26T08:28:00Z,1788-1-1-GV,,device_not_worn_correctly
1769416140000,2026-01-26T08:29:00Z,1788-1-1-GV,,device_not_recording
1769416200000,2026-01-26T08:30:00Z,1788-1-1-GV,0.06,
1769416260000,2026-01-26T08:31:00Z,1788-1-1-GV,0.06,
1769416320000,2026-01-26T08:32:00Z,1788-1-1-GV,0.06,
1769416380000,2026-01-26T08:33:00Z,1788-1-1-GV,0.06,
1769416440000,2026-01-26T08:34:00Z,1788-1-1-GV,0.06,
1769416500000,2026-01-26T08:35:00Z,1788-1-1-GV,0.06,
1769416560000,2026-01-26T08:36:00Z,1788-1-1-GV,0.07,
1769416620000,2026-01-26T08:37:00Z,1788-1-1-GV,0.07,
1769416680000,2026-01-26T08:38:00Z,1788-1-1-GV,0.07,
1769416740000,2026-01-26T08:39:00Z,1788-1-1-GV,0.07,
1769416800000,2026-01-26T08:40:00Z,1788-1-1-GV,0.07,
1769416860000,2026-01-26T08:41:00Z,1788-1-1-GV,0.08,
1769416920000,2026-01-26T08:42:00Z,1788-1-1-GV,0.08,
1769416980000,2026-01-26T08:43:00Z,1788-1-1-GV,0.08,
1769417040000,2026-01-26T08:44:00Z,1788-1-1-GV,0.08,
1769417100000,2026-01-26T08:45:00Z,1788-1-1-GV,0.08,
1769417160000,2026-01-26T08:46:00Z,1788-1-1-GV,0.08,
1769417220000,2026-01-26T08:47:00Z,1788-1-1-GV,0.08,
1769417280000,2026-01-26T08:48:00Z,1788-1-1-GV,0.08,
1769417340000,2026-01-26T08:49:00Z,1788-1-1-GV,0.08,
1769417400000,2026-01-26T08:50:00Z,1788-1-1-GV,0.08,
1769417460000,2026-01-26T08:51:00Z,1788-1-1-GV,0.09,
1769417520000,2026-01-26T08:52:00Z,1788-1-1-GV,0.09,
1769417580000,2026-01-26T08:53:00Z,1788-1-1-GV,0.09,
1769417640000,2026-01-26T08:54:00Z,1788-1-1-GV,0.09,
1769417700000,2026-01-26T08:55:00Z,1788-1-1-GV,0.09,
1769417760000,2026-01-26T08:56:00Z,1788-1-1-GV,0.09,
1769417820000,2026-01-26T08:57:00Z,1788-1-1-GV,0.09,
1769417880000,2026-01-26T08:58:00Z,1788-1-1-GV,0.09,
1769417940000,2026-01-26T08:59:00Z,1788-1-1-GV,0.09,
1769418000000,2026-01-26T09:00:00Z,1788-1-1-GV,0.09,
1769418060000,2026-01-26T09:01:00Z,1788-1-1-GV,0.09,
1769418120000,2026-01-26T09:02:00Z,1788-1-1-GV,0.09,
1769418180000,2026-01-26T09:03:00Z,1788-1-1-GV,0.1,
1769418240000,2026-01-26T09:04:00Z,1788-1-1-GV,0.1,
1769418300000,2026-01-26T09:05:00Z,1788-1-1-GV,0.1,
1769418360000,2026-01-26T09:06:00Z,1788-1-1-GV,0.1,
1769418420000,2026-01-26T09:07:00Z,1788-1-1-GV,0.1,
1769418480000,2026-01-26T09:08:00Z,1788-1-1-GV,0.1,
1769418540000,2026-01-26T09:09:00Z,1788-1-1-GV,0.1,
1769418600000,2026-01-26T09:10:00Z,1788-1-1-GV,0.1,
1769418660000,2026-01-26T09:11:00Z,1788-1-1-GV,0.11,
1769418720000,2026-01-26T09:12:00Z,1788-1-1-GV,0.11,
1769418780000,2026-01-26T09:13:00Z,1788-1-1-GV,0.11,
1769418840000,2026-01-26T09:14:00Z,1788-1-1-GV,0.1,
1769418900000,2026-01-26T09:15:00Z,1788-1-1-GV,0.11,
1769418960000,2026-01-26T09:16:00Z,1788-1-1-GV,,device_not_recording
1769419020000,2026-01-26T09:17:00Z,1788-1-1-GV,,device_not_recording
1769419080000,2026-01-26T09:18:00Z,1788-1-1-GV,,device_not_recording
1769419140000,2026-01-26T09:19:00Z,1788-1-1-GV,0.04,
1769419200000,2026-01-26T09:20:00Z,1788-1-1-GV,0.04,
1769419260000,2026-01-26T09:21:00Z,1788-1-1-GV,0.05,
1769419320000,2026-01-26T09:22:00Z,1788-1-1-GV,0.05,
1769419380000,2026-01-26T09:23:00Z,1788-1-1-GV,0.05,
1769419440000,2026-01-26T09:24:00Z,1788-1-1-GV,0.05,
1769419500000,2026-01-26T09:25:00Z,1788-1-1-GV,0.06,
1769419560000,2026-01-26T09:26:00Z,1788-1-1-GV,0.06,
1769419620000,2026-01-26T09:27:00Z,1788-1-1-GV,0.06,
1769419680000,2026-01-26T09:28:00Z,1788-1-1-GV,0.06,
1769419740000,2026-01-26T09:29:00Z,1788-1-1-GV,0.06,
1769419800000,2026-01-26T09:30:00Z,1788-1-1-GV,0.07,
1769419860000,2026-01-26T09:31:00Z,1788-1-1-GV,0.06,
1769419920000,2026-01-26T09:32:00Z,1788-1-1-GV,0.06,
1769419980000,2026-01-26T09:33:00Z,1788-1-1-GV,0.06,
1769420040000,2026-01-26T09:34:00Z,1788-1-1-GV,0.06,
1769420100000,2026-01-26T09:35:00Z,1788-1-1-GV,0.06,
1769420160000,2026-01-26T09:36:00Z,1788-1-1-GV,0.06,
1769420220000,2026-01-26T09:37:00Z,1788-1-1-GV,0.06,
1769420280000,2026-01-26T09:38:00Z,1788-1-1-GV,0.06,
1769420340000,2026-01-26T09:39:00Z,1788-1-1-GV,0.06,
1769420400000,2026-01-26T09:40:00Z,1788-1-1-GV,0.06,
1769420460000,2026-01-26T09:41:00Z,1788-1-1-GV,0.07,
1769420520000,2026-01-26T09:42:00Z,1788-1-1-GV,0.07,
1769420580000,2026-01-26T09:43:00Z,1788-1-1-GV,0.07,
1769420640000,2026-01-26T09:44:00Z,1788-1-1-GV,0.07,
1769420700000,2026-01-26T09:45:00Z,1788-1-1-GV,0.07,
1769420760000,2026-01-26T09:46:00Z,1788-1-1-GV,0.07,
1769420820000,2026-01-26T09:47:00Z,1788-1-1-GV,0.07,
1769420880000,2026-01-26T09:48:00Z,1788-1-1-GV,0.07,
1769420940000,2026-01-26T09:49:00Z,1788-1-1-GV,0.07,
1769421000000,2026-01-26T09:50:00Z,1788-1-1-GV,0.07,
1769421060000,2026-01-26T09:51:00Z,1788-1-1-GV,0.07,
1769421120000,2026-01-26T09:52:00Z,1788-1-1-GV,0.07,
1769421180000,2026-01-26T09:53:00Z,1788-1-1-GV,0.07,
1769421240000,2026-01-26T09:54:00Z,1788-1-1-GV,,device_not_recording
1769421300000,2026-01-26T09:55:00Z,1788-1-1-GV,,device_not_worn_correctly
1769421360000,2026-01-26T09:56:00Z,1788-1-1-GV,,device_not_worn_correctly
1769421420000,2026-01-26T09:57:00Z,1788-1-1-GV,0.04,
1769421480000,2026-01-26T09:58:00Z,1788-1-1-GV,0.04,
1769421540000,2026-01-26T09:59:00Z,1788-1-1-GV,0.05,
1769421600000,2026-01-26T10:00:00Z,1788-1-1-GV,0.06,
1769421660000,2026-01-26T10:01:00Z,1788-1-1-GV,0.06,
1769421720000,2026-01-26T10:02:00Z,1788-1-1-GV,0.06,
1769421780000,2026-01-26T10:03:00Z,1788-1-1-GV,0.06,
1769421840000,2026-01-26T10:04:00Z,1788-1-1-GV,0.06,
1769421900000,2026-01-26T10:05:00Z,1788-1-1-GV,0.06,
1769421960000,2026-01-26T10:06:00Z,1788-1-1-GV,0.06,
1769422020000,2026-01-26T10:07:00Z,1788-1-1-GV,0.06,
1769422080000,2026-01-26T10:08:00Z,1788-1-1-GV,0.07,
1769422140000,2026-01-26T10:09:00Z,1788-1-1-GV,0.07,
1769422200000,2026-01-26T10:10:00Z,1788-1-1-GV,0.07,
1769422260000,2026-01-26T10:11:00Z,1788-1-1-GV,0.07,
1769422320000,2026-01-26T10:12:00Z,1788-1-1-GV,0.07,
1769422380000,2026-01-26T10:13:00Z,1788-1-1-GV,0.08,
1769422440000,2026-01-26T10:14:00Z,1788-1-1-GV,0.07,
1769422500000,2026-01-26T10:15:00Z,1788-1-1-GV,0.07,
1769422560000,2026-01-26T10:16:00Z,1788-1-1-GV,0.07,
1769422620000,2026-01-26T10:17:00Z,1788-1-1-GV,0.07,
1769422680000,2026-01-26T10:18:00Z,1788-1-1-GV,0.07,
1769422740000,2026-01-26T10:19:00Z,1788-1-1-GV,0.07,
1769422800000,2026-01-26T10:20:00Z,1788-1-1-GV,0.07,
1769422860000,2026-01-26T10:21:00Z,1788-1-1-GV,0.08,
1769422920000,2026-01-26T10:22:00Z,1788-1-1-GV,0.08,
1769422980000,2026-01-26T10:23:00Z,1788-1-1-GV,0.08,
1769423040000,2026-01-26T10:24:00Z,1788-1-1-GV,0.08,
1769423100000,2026-01-26T10:25:00Z,1788-1-1-GV,0.08,
1769423160000,2026-01-26T10:26:00Z,1788-1-1-GV,0.08,
1769423220000,2026-01-26T10:27:00Z,1788-1-1-GV,0.08,
1769423280000,2026-01-26T10:28:00Z,1788-1-1-GV,0.08,
1769423340000,2026-01-26T10:29:00Z,1788-1-1-GV,0.08,
1769423400000,2026-01-26T10:30:00Z,1788-1-1-GV,0.08,
1769423460000,2026-01-26T10:31:00Z,1788-1-1-GV,0.08,
1769423520000,2026-01-26T10:32:00Z,1788-1-1-GV,0.08,
1769423580000,2026-01-26T10:33:00Z,1788-1-1-GV,0.08,
1769423640000,2026-01-26T10:34:00Z,1788-1-1-GV,0.08,
1769423700000,2026-01-26T10:35:00Z,1788-1-1-GV,0.08,
1769423760000,2026-01-26T10:36:00Z,1788-1-1-GV,,device_not_recording
1769423820000,2026-01-26T10:37:00Z,1788-1-1-GV,,device_not_recording
1769423880000,2026-01-26T10:38:00Z,1788-1-1-GV,,device_not_worn_correctly
1769423940000,2026-01-26T10:39:00Z,1788-1-1-GV,,device_not_worn_correctly
1769424000000,2026-01-26T10:40:00Z,1788-1-1-GV,,device_not_worn_correctly
1769424060000,2026-01-26T10:41:00Z,1788-1-1-GV,,device_not_worn_correctly
1769424120000,2026-01-26T10:42:00Z,1788-1-1-GV,,device_not_worn_correctly
1769424180000,2026-01-26T10:43:00Z,1788-1-1-GV,,device_not_worn_correctly
1769424240000,2026-01-26T10:44:00Z,1788-1-1-GV,,device_not_worn_correctly
1769424300000,2026-01-26T10:45:00Z,1788-1-1-GV,,device_not_worn_correctly
1769424360000,2026-01-26T10:46:00Z,1788-1-1-GV,,device_not_worn_correctly
1769424420000,2026-01-26T10:47:00Z,1788-1-1-GV,,device_not_worn_correctly
1769424480000,2026-01-26T10:48:00Z,1788-1-1-GV,,device_not_worn_correctly
1769424540000,2026-01-26T10:49:00Z,1788-1-1-GV,,device_not_worn_correctly
1769424600000,2026-01-26T10:50:00Z,1788-1-1-GV,,device_not_worn_correctly
1769424660000,2026-01-26T10:51:00Z,1788-1-1-GV,,device_not_worn_correctly
1769424720000,2026-01-26T10:52:00Z,1788-1-1-GV,,device_not_worn_correctly
1769424780000,2026-01-26T10:53:00Z,1788-1-1-GV,,device_not_worn_correctly
1769424840000,2026-01-26T10:54:00Z,1788-1-1-GV,,device_not_worn_correctly
1769424900000,2026-01-26T10:55:00Z,1788-1-1-GV,,device_not_worn_correctly
1769424960000,2026-01-26T10:56:00Z,1788-1-1-GV,,device_not_worn_correctly
1769425020000,2026-01-26T10:57:00Z,1788-1-1-GV,,device_not_worn_correctly
1769425080000,2026-01-26T10:58:00Z,1788-1-1-GV,,device_not_worn_correctly
1769425140000,2026-01-26T10:59:00Z,1788-1-1-GV,,device_not_worn_correctly
1769425200000,2026-01-26T11:00:00Z,1788-1-1-GV,,device_not_worn_correctly
1769425260000,2026-01-26T11:01:00Z,1788-1-1-GV,,device_not_worn_correctly
1769425320000,2026-01-26T11:02:00Z,1788-1-1-GV,,device_not_worn_correctly
1769425380000,2026-01-26T11:03:00Z,1788-1-1-GV,,device_not_worn_correctly
1769425440000,2026-01-26T11:04:00Z,1788-1-1-GV,,device_not_worn_correctly
1769425500000,2026-01-26T11:05:00Z,1788-1-1-GV,,device_not_worn_correctly
1769425560000,2026-01-26T11:06:00Z,1788-1-1-GV,,device_not_recording
1769425620000,2026-01-26T11:07:00Z,1788-1-1-GV,0.04,
1769425680000,2026-01-26T11:08:00Z,1788-1-1-GV,0.06,
1769425740000,2026-01-26T11:09:00Z,1788-1-1-GV,0.07,
1769425800000,2026-01-26T11:10:00Z,1788-1-1-GV,0.08,
1769425860000,2026-01-26T11:11:00Z,1788-1-1-GV,0.08,
1769425920000,2026-01-26T11:12:00Z,1788-1-1-GV,0.09,
1769425980000,2026-01-26T11:13:00Z,1788-1-1-GV,0.09,
1769426040000,2026-01-26T11:14:00Z,1788-1-1-GV,0.09,
1769426100000,2026-01-26T11:15:00Z,1788-1-1-GV,0.09,
1769426160000,2026-01-26T11:16:00Z,1788-1-1-GV,0.09,
1769426220000,2026-01-26T11:17:00Z,1788-1-1-GV,0.09,
1769426280000,2026-01-26T11:18:00Z,1788-1-1-GV,0.09,
1769426340000,2026-01-26T11:19:00Z,1788-1-1-GV,0.1,
1769426400000,2026-01-26T11:20:00Z,1788-1-1-GV,0.1,
1769426460000,2026-01-26T11:21:00Z,1788-1-1-GV,0.1,
1769426520000,2026-01-26T11:22:00Z,1788-1-1-GV,0.1,
1769426580000,2026-01-26T11:23:00Z,1788-1-1-GV,0.1,
1769426640000,2026-01-26T11:24:00Z,1788-1-1-GV,0.1,
1769426700000,2026-01-26T11:25:00Z,1788-1-1-GV,0.1,
1769426760000,2026-01-26T11:26:00Z,1788-1-1-GV,0.11,
1769426820000,2026-01-26T11:27:00Z,1788-1-1-GV,0.11,
1769426880000,2026-01-26T11:28:00Z,1788-1-1-GV,0.11,
1769426940000,2026-01-26T11:29:00Z,1788-1-1-GV,0.11,
1769427000000,2026-01-26T11:30:00Z,1788-1-1-GV,0.12,
1769427060000,2026-01-26T11:31:00Z,1788-1-1-GV,0.12,
1769427120000,2026-01-26T11:32:00Z,1788-1-1-GV,0.12,
1769427180000,2026-01-26T11:33:00Z,1788-1-1-GV,0.12,
1769427240000,2026-01-26T11:34:00Z,1788-1-1-GV,0.13,
1769427300000,2026-01-26T11:35:00Z,1788-1-1-GV,0.13,
1769427360000,2026-01-26T11:36:00Z,1788-1-1-GV,0.13,
1769427420000,2026-01-26T11:37:00Z,1788-1-1-GV,0.13,
1769427480000,2026-01-26T11:38:00Z,1788-1-1-GV,0.14,
1769427540000,2026-01-26T11:39:00Z,1788-1-1-GV,0.14,
1769427600000,2026-01-26T11:40:00Z,1788-1-1-GV,0.14,
1769427660000,2026-01-26T11:41:00Z,1788-1-1-GV,0.14,
1769427720000,2026-01-26T11:42:00Z,1788-1-1-GV,0.15,
1769427780000,2026-01-26T11:43:00Z,1788-1-1-GV,0.17,
1769427840000,2026-01-26T11:44:00Z,1788-1-1-GV,0.18,
1769427900000,2026-01-26T11:45:00Z,1788-1-1-GV,0.17,
1769427960000,2026-01-26T11:46:00Z,1788-1-1-GV,0.16,
1769428020000,2026-01-26T11:47:00Z,1788-1-1-GV,0.16,
1769428080000,2026-01-26T11:48:00Z,1788-1-1-GV,0.16,
1769428140000,2026-01-26T11:49:00Z,1788-1-1-GV,0.16,
1769428200000,2026-01-26T11:50:00Z,1788-1-1-GV,0.16,
1769428260000,2026-01-26T11:51:00Z,1788-1-1-GV,0.16,
1769428320000,2026-01-26T11:52:00Z,1788-1-1-GV,0.16,
1769428380000,2026-01-26T11:53:00Z,1788-1-1-GV,0.16,
1769428440000,2026-01-26T11:54:00Z,1788-1-1-GV,0.16,
1769428500000,2026-01-26T11:55:00Z,1788-1-1-GV,0.16,
1769428560000,2026-01-26T11:56:00Z,1788-1-1-GV,0.16,
1769428620000,2026-01-26T11:57:00Z,1788-1-1-GV,0.16,
1769428680000,2026-01-26T11:58:00Z,1788-1-1-GV,0.16,
1769428740000,2026-01-26T11:59:00Z,1788-1-1-GV,0.16,
1769428800000,2026-01-26T12:00:00Z,1788-1-1-GV,0.15,
1769428860000,2026-01-26T12:01:00Z,1788-1-1-GV,0.15,
1769428920000,2026-01-26T12:02:00Z,1788-1-1-GV,0.15,
1769428980000,2026-01-26T12:03:00Z,1788-1-1-GV,0.15,
1769429040000,2026-01-26T12:04:00Z,1788-1-1-GV,0.15,
1769429100000,2026-01-26T12:05:00Z,1788-1-1-GV,,device_not_recording
1769429160000,2026-01-26T12:06:00Z,1788-1-1-GV,,device_not_recording
1769429220000,2026-01-26T12:07:00Z,1788-1-1-GV,,device_not_recording
1769429280000,2026-01-26T12:08:00Z,1788-1-1-GV,,device_not_recording
1769429340000,2026-01-26T12:09:00Z,1788-1-1-GV,,device_not_recording
1769429400000,2026-01-26T12:10:00Z,1788-1-1-GV,,device_not_recording
1769429460000,2026-01-26T12:11:00Z,1788-1-1-GV,,device_not_recording
1769429520000,2026-01-26T12:12:00Z,1788-1-1-GV,,device_not_recording
1769429580000,2026-01-26T12:13:00Z,1788-1-1-GV,,device_not_recording
1769429640000,2026-01-26T12:14:00Z,1788-1-1-GV,,device_not_recording
1769429700000,2026-01-26T12:15:00Z,1788-1-1-GV,,device_not_recording
1769429760000,2026-01-26T12:16:00Z,1788-1-1-GV,,device_not_recording
1769429820000,2026-01-26T12:17:00Z,1788-1-1-GV,,device_not_recording
1769429880000,2026-01-26T12:18:00Z,1788-1-1-GV,,device_not_recording
1769429940000,2026-01-26T12:19:00Z,1788-1-1-GV,,device_not_recording
1769430000000,2026-01-26T12:20:00Z,1788-1-1-GV,,device_not_recording
1769430060000,2026-01-26T12:21:00Z,1788-1-1-GV,,device_not_recording
1769430120000,2026-01-26T12:22:00Z,1788-1-1-GV,,device_not_recording
1769430180000,2026-01-26T12:23:00Z,1788-1-1-GV,,device_not_recording
1769430240000,2026-01-26T12:24:00Z,1788-1-1-GV,,device_not_recording
1769430300000,2026-01-26T12:25:00Z,1788-1-1-GV,,device_not_recording
1769430360000,2026-01-26T12:26:00Z,1788-1-1-GV,,device_not_recording
1769430420000,2026-01-26T12:27:00Z,1788-1-1-GV,,device_not_recording
1769430480000,2026-01-26T12:28:00Z,1788-1-1-GV,,device_not_recording
1769430540000,2026-01-26T12:29:00Z,1788-1-1-GV,,device_not_recording
1769430600000,2026-01-26T12:30:00Z,1788-1-1-GV,,device_not_recording
1769430660000,2026-01-26T12:31:00Z,1788-1-1-GV,,device_not_recording
1769430720000,2026-01-26T12:32:00Z,1788-1-1-GV,,device_not_recording
1769430780000,2026-01-26T12:33:00Z,1788-1-1-GV,,device_not_recording
1769430840000,2026-01-26T12:34:00Z,1788-1-1-GV,,device_not_recording
1769430900000,2026-01-26T12:35:00Z,1788-1-1-GV,,device_not_recording
1769430960000,2026-01-26T12:36:00Z,1788-1-1-GV,,device_not_recording
1769431020000,2026-01-26T12:37:00Z,1788-1-1-GV,,device_not_recording
1769431080000,2026-01-26T12:38:00Z,1788-1-1-GV,,device_not_recording
1769431140000,2026-01-26T12:39:00Z,1788-1-1-GV,,device_not_recording
1769431200000,2026-01-26T12:40:00Z,1788-1-1-GV,,device_not_recording
1769431260000,2026-01-26T12:41:00Z,1788-1-1-GV,,device_not_recording
1769431320000,2026-01-26T12:42:00Z,1788-1-1-GV,,device_not_recording
1769431380000,2026-01-26T12:43:00Z,1788-1-1-GV,,device_not_recording
1769431440000,2026-01-26T12:44:00Z,1788-1-1-GV,,device_not_recording
1769431500000,2026-01-26T12:45:00Z,1788-1-1-GV,,device_not_recording
1769431560000,2026-01-26T12:46:00Z,1788-1-1-GV,,device_not_recording
1769431620000,2026-01-26T12:47:00Z,1788-1-1-GV,,device_not_recording
1769431680000,2026-01-26T12:48:00Z,1788-1-1-GV,,device_not_recording
1769431740000,2026-01-26T12:49:00Z,1788-1-1-GV,,device_not_recording
1769431800000,2026-01-26T12:50:00Z,1788-1-1-GV,,device_not_recording
1769431860000,2026-01-26T12:51:00Z,1788-1-1-GV,,device_not_recording
1769431920000,2026-01-26T12:52:00Z,1788-1-1-GV,,device_not_recording
1769431980000,2026-01-26T12:53:00Z,1788-1-1-GV,,device_not_recording
1769432040000,2026-01-26T12:54:00Z,1788-1-1-GV,,device_not_recording
1769432100000,2026-01-26T12:55:00Z,1788-1-1-GV,,device_not_recording
1769432160000,2026-01-26T12:56:00Z,1788-1-1-GV,,device_not_recording
1769432220000,2026-01-26T12:57:00Z,1788-1-1-GV,,device_not_recording
1769432280000,2026-01-26T12:58:00Z,1788-1-1-GV,,device_not_recording
1769432340000,2026-01-26T12:59:00Z,1788-1-1-GV,,device_not_recording
1769432400000,2026-01-26T13:00:00Z,1788-1-1-GV,,device_not_recording
1769432460000,2026-01-26T13:01:00Z,1788-1-1-GV,,device_not_recording
1769432520000,2026-01-26T13:02:00Z,1788-1-1-GV,,device_not_recording
1769432580000,2026-01-26T13:03:00Z,1788-1-1-GV,,device_not_recording
1769432640000,2026-01-26T13:04:00Z,1788-1-1-GV,,device_not_recording
1769432700000,2026-01-26T13:05:00Z,1788-1-1-GV,,device_not_recording
1769432760000,2026-01-26T13:06:00Z,1788-1-1-GV,,device_not_recording
1769432820000,2026-01-26T13:07:00Z,1788-1-1-GV,,device_not_recording
1769432880000,2026-01-26T13:08:00Z,1788-1-1-GV,,device_not_recording
1769432940000,2026-01-26T13:09:00Z,1788-1-1-GV,,device_not_recording
1769433000000,2026-01-26T13:10:00Z,1788-1-1-GV,,device_not_recording
1769433060000,2026-01-26T13:11:00Z,1788-1-1-GV,,device_not_recording
1769433120000,2026-01-26T13:12:00Z,1788-1-1-GV,,device_not_recording
1769433180000,2026-01-26T13:13:00Z,1788-1-1-GV,,device_not_recording
1769433240000,2026-01-26T13:14:00Z,1788-1-1-GV,,device_not_recording
1769433300000,2026-01-26T13:15:00Z,1788-1-1-GV,,device_not_recording
1769433360000,2026-01-26T13:16:00Z,1788-1-1-GV,,device_not_recording
1769433420000,2026-01-26T13:17:00Z,1788-1-1-GV,,device_not_recording
1769433480000,2026-01-26T13:18:00Z,1788-1-1-GV,,device_not_recording
1769433540000,2026-01-26T13:19:00Z,1788-1-1-GV,,device_not_recording
1769433600000,2026-01-26T13:20:00Z,1788-1-1-GV,,device_not_recording
1769433660000,2026-01-26T13:21:00Z,1788-1-1-GV,,device_not_recording
1769433720000,2026-01-26T13:22:00Z,1788-1-1-GV,,device_not_recording
1769433780000,2026-01-26T13:23:00Z,1788-1-1-GV,,device_not_recording
1769433840000,2026-01-26T13:24:00Z,1788-1-1-GV,,device_not_recording
1769433900000,2026-01-26T13:25:00Z,1788-1-1-GV,,device_not_recording
1769433960000,2026-01-26T13:26:00Z,1788-1-1-GV,,device_not_recording
1769434020000,2026-01-26T13:27:00Z,1788-1-1-GV,,device_not_recording
1769434080000,2026-01-26T13:28:00Z,1788-1-1-GV,,device_not_recording
1769434140000,2026-01-26T13:29:00Z,1788-1-1-GV,,device_not_recording
1769434200000,2026-01-26T13:30:00Z,1788-1-1-GV,,device_not_recording
1769434260000,2026-01-26T13:31:00Z,1788-1-1-GV,,device_not_recording
1769434320000,2026-01-26T13:32:00Z,1788-1-1-GV,,device_not_recording
1769434380000,2026-01-26T13:33:00Z,1788-1-1-GV,,device_not_recording
1769434440000,2026-01-26T13:34:00Z,1788-1-1-GV,,device_not_recording
1769434500000,2026-01-26T13:35:00Z,1788-1-1-GV,,device_not_recording
1769434560000,2026-01-26T13:36:00Z,1788-1-1-GV,,device_not_recording
1769434620000,2026-01-26T13:37:00Z,1788-1-1-GV,,device_not_recording
1769434680000,2026-01-26T13:38:00Z,1788-1-1-GV,,device_not_recording
1769434740000,2026-01-26T13:39:00Z,1788-1-1-GV,,device_not_recording
1769434800000,2026-01-26T13:40:00Z,1788-1-1-GV,,device_not_recording
1769434860000,2026-01-26T13:41:00Z,1788-1-1-GV,,device_not_recording
1769434920000,2026-01-26T13:42:00Z,1788-1-1-GV,,device_not_recording
1769434980000,2026-01-26T13:43:00Z,1788-1-1-GV,,device_not_recording
1769435040000,2026-01-26T13:44:00Z,1788-1-1-GV,,device_not_recording
1769435100000,2026-01-26T13:45:00Z,1788-1-1-GV,,device_not_recording
1769435160000,2026-01-26T13:46:00Z,1788-1-1-GV,,device_not_recording
1769435220000,2026-01-26T13:47:00Z,1788-1-1-GV,,device_not_recording
1769435280000,2026-01-26T13:48:00Z,1788-1-1-GV,,device_not_recording
1769435340000,2026-01-26T13:49:00Z,1788-1-1-GV,,device_not_recording
1769435400000,2026-01-26T13:50:00Z,1788-1-1-GV,,device_not_recording
1769435460000,2026-01-26T13:51:00Z,1788-1-1-GV,,device_not_recording
1769435520000,2026-01-26T13:52:00Z,1788-1-1-GV,,device_not_recording
1769435580000,2026-01-26T13:53:00Z,1788-1-1-GV,,device_not_recording
1769435640000,2026-01-26T13:54:00Z,1788-1-1-GV,,device_not_recording
1769435700000,2026-01-26T13:55:00Z,1788-1-1-GV,,device_not_recording
1769435760000,2026-01-26T13:56:00Z,1788-1-1-GV,,device_not_recording
1769435820000,2026-01-26T13:57:00Z,1788-1-1-GV,,device_not_recording
1769435880000,2026-01-26T13:58:00Z,1788-1-1-GV,,device_not_recording
1769435940000,2026-01-26T13:59:00Z,1788-1-1-GV,,device_not_recording
1769436000000,2026-01-26T14:00:00Z,1788-1-1-GV,,device_not_recording
1769436060000,2026-01-26T14:01:00Z,1788-1-1-GV,,device_not_recording
1769436120000,2026-01-26T14:02:00Z,1788-1-1-GV,,device_not_recording
1769436180000,2026-01-26T14:03:00Z,1788-1-1-GV,,device_not_recording
1769436240000,2026-01-26T14:04:00Z,1788-1-1-GV,,device_not_recording
1769436300000,2026-01-26T14:05:00Z,1788-1-1-GV,,device_not_recording
1769436360000,2026-01-26T14:06:00Z,1788-1-1-GV,,device_not_recording
1769436420000,2026-01-26T14:07:00Z,1788-1-1-GV,,device_not_recording
1769436480000,2026-01-26T14:08:00Z,1788-1-1-GV,,device_not_recording
1769436540000,2026-01-26T14:09:00Z,1788-1-1-GV,,device_not_recording
1769436600000,2026-01-26T14:10:00Z,1788-1-1-GV,,device_not_recording
1769436660000,2026-01-26T14:11:00Z,1788-1-1-GV,,device_not_recording
1769436720000,2026-01-26T14:12:00Z,1788-1-1-GV,,device_not_recording
1769436780000,2026-01-26T14:13:00Z,1788-1-1-GV,,device_not_recording
1769436840000,2026-01-26T14:14:00Z,1788-1-1-GV,,device_not_recording
1769436900000,2026-01-26T14:15:00Z,1788-1-1-GV,,device_not_recording
1769436960000,2026-01-26T14:16:00Z,1788-1-1-GV,,device_not_recording
1769437020000,2026-01-26T14:17:00Z,1788-1-1-GV,,device_not_recording
1769437080000,2026-01-26T14:18:00Z,1788-1-1-GV,,device_not_recording
1769437140000,2026-01-26T14:19:00Z,1788-1-1-GV,,device_not_recording
1769437200000,2026-01-26T14:20:00Z,1788-1-1-GV,,device_not_recording
1769437260000,2026-01-26T14:21:00Z,1788-1-1-GV,,device_not_recording
1769437320000,2026-01-26T14:22:00Z,1788-1-1-GV,,device_not_recording
1769437380000,2026-01-26T14:23:00Z,1788-1-1-GV,,device_not_recording
1769437440000,2026-01-26T14:24:00Z,1788-1-1-GV,,device_not_recording
1769437500000,2026-01-26T14:25:00Z,1788-1-1-GV,,device_not_recording
1769437560000,2026-01-26T14:26:00Z,1788-1-1-GV,,device_not_recording
1769437620000,2026-01-26T14:27:00Z,1788-1-1-GV,,device_not_recording
1769437680000,2026-01-26T14:28:00Z,1788-1-1-GV,,device_not_recording
1769437740000,2026-01-26T14:29:00Z,1788-1-1-GV,,device_not_recording
1769437800000,2026-01-26T14:30:00Z,1788-1-1-GV,,device_not_recording
1769437860000,2026-01-26T14:31:00Z,1788-1-1-GV,,device_not_recording
1769437920000,2026-01-26T14:32:00Z,1788-1-1-GV,,device_not_recording
1769437980000,2026-01-26T14:33:00Z,1788-1-1-GV,,device_not_recording
1769438040000,2026-01-26T14:34:00Z,1788-1-1-GV,,device_not_recording
1769438100000,2026-01-26T14:35:00Z,1788-1-1-GV,,device_not_recording
1769438160000,2026-01-26T14:36:00Z,1788-1-1-GV,,device_not_recording
1769438220000,2026-01-26T14:37:00Z,1788-1-1-GV,,device_not_recording
1769438280000,2026-01-26T14:38:00Z,1788-1-1-GV,,device_not_recording
1769438340000,2026-01-26T14:39:00Z,1788-1-1-GV,,device_not_recording
1769438400000,2026-01-26T14:40:00Z,1788-1-1-GV,,device_not_recording
1769438460000,2026-01-26T14:41:00Z,1788-1-1-GV,,device_not_recording
1769438520000,2026-01-26T14:42:00Z,1788-1-1-GV,,device_not_recording
1769438580000,2026-01-26T14:43:00Z,1788-1-1-GV,,device_not_recording
1769438640000,2026-01-26T14:44:00Z,1788-1-1-GV,,device_not_recording
1769438700000,2026-01-26T14:45:00Z,1788-1-1-GV,,device_not_recording
1769438760000,2026-01-26T14:46:00Z,1788-1-1-GV,,device_not_recording
1769438820000,2026-01-26T14:47:00Z,1788-1-1-GV,,device_not_recording
1769438880000,2026-01-26T14:48:00Z,1788-1-1-GV,,device_not_recording
1769438940000,2026-01-26T14:49:00Z,1788-1-1-GV,,device_not_recording
1769439000000,2026-01-26T14:50:00Z,1788-1-1-GV,,device_not_recording
1769439060000,2026-01-26T14:51:00Z,1788-1-1-GV,,device_not_recording
1769439120000,2026-01-26T14:52:00Z,1788-1-1-GV,,device_not_recording
1769439180000,2026-01-26T14:53:00Z,1788-1-1-GV,,device_not_recording
1769439240000,2026-01-26T14:54:00Z,1788-1-1-GV,,device_not_recording
1769439300000,2026-01-26T14:55:00Z,1788-1-1-GV,,device_not_recording
1769439360000,2026-01-26T14:56:00Z,1788-1-1-GV,,device_not_recording
1769439420000,2026-01-26T14:57:00Z,1788-1-1-GV,,device_not_recording
1769439480000,2026-01-26T14:58:00Z,1788-1-1-GV,,device_not_recording
1769439540000,2026-01-26T14:59:00Z,1788-1-1-GV,,device_not_recording
1769439600000,2026-01-26T15:00:00Z,1788-1-1-GV,,device_not_recording
1769439660000,2026-01-26T15:01:00Z,1788-1-1-GV,,device_not_recording
1769439720000,2026-01-26T15:02:00Z,1788-1-1-GV,,device_not_recording
1769439780000,2026-01-26T15:03:00Z,1788-1-1-GV,,device_not_recording
1769439840000,2026-01-26T15:04:00Z,1788-1-1-GV,,device_not_recording
1769439900000,2026-01-26T15:05:00Z,1788-1-1-GV,,device_not_recording
1769439960000,2026-01-26T15:06:00Z,1788-1-1-GV,,device_not_recording
1769440020000,2026-01-26T15:07:00Z,1788-1-1-GV,,device_not_recording
1769440080000,2026-01-26T15:08:00Z,1788-1-1-GV,,device_not_recording
1769440140000,2026-01-26T15:09:00Z,1788-1-1-GV,,device_not_recording
1769440200000,2026-01-26T15:10:00Z,1788-1-1-GV,,device_not_recording
1769440260000,2026-01-26T15:11:00Z,1788-1-1-GV,,device_not_recording
1769440320000,2026-01-26T15:12:00Z,1788-1-1-GV,,device_not_recording
1769440380000,2026-01-26T15:13:00Z,1788-1-1-GV,,device_not_recording
1769440440000,2026-01-26T15:14:00Z,1788-1-1-GV,,device_not_recording
1769440500000,2026-01-26T15:15:00Z,1788-1-1-GV,,device_not_recording
1769440560000,2026-01-26T15:16:00Z,1788-1-1-GV,,device_not_recording
1769440620000,2026-01-26T15:17:00Z,1788-1-1-GV,,device_not_recording
1769440680000,2026-01-26T15:18:00Z,1788-1-1-GV,,device_not_recording
1769440740000,2026-01-26T15:19:00Z,1788-1-1-GV,,device_not_recording
1769440800000,2026-01-26T15:20:00Z,1788-1-1-GV,,device_not_recording
1769440860000,2026-01-26T15:21:00Z,1788-1-1-GV,,device_not_recording
1769440920000,2026-01-26T15:22:00Z,1788-1-1-GV,,device_not_recording
1769440980000,2026-01-26T15:23:00Z,1788-1-1-GV,,device_not_recording
1769441040000,2026-01-26T15:24:00Z,1788-1-1-GV,,device_not_recording
1769441100000,2026-01-26T15:25:00Z,1788-1-1-GV,,device_not_recording
1769441160000,2026-01-26T15:26:00Z,1788-1-1-GV,,device_not_recording
1769441220000,2026-01-26T15:27:00Z,1788-1-1-GV,,device_not_recording
1769441280000,2026-01-26T15:28:00Z,1788-1-1-GV,,device_not_recording
1769441340000,2026-01-26T15:29:00Z,1788-1-1-GV,,device_not_recording
1769441400000,2026-01-26T15:30:00Z,1788-1-1-GV,,device_not_recording
1769441460000,2026-01-26T15:31:00Z,1788-1-1-GV,,device_not_recording
1769441520000,2026-01-26T15:32:00Z,1788-1-1-GV,,device_not_recording
1769441580000,2026-01-26T15:33:00Z,1788-1-1-GV,,device_not_recording
1769441640000,2026-01-26T15:34:00Z,1788-1-1-GV,,device_not_recording
1769441700000,2026-01-26T15:35:00Z,1788-1-1-GV,,device_not_recording
1769441760000,2026-01-26T15:36:00Z,1788-1-1-GV,,device_not_recording
1769441820000,2026-01-26T15:37:00Z,1788-1-1-GV,,device_not_recording
1769441880000,2026-01-26T15:38:00Z,1788-1-1-GV,,device_not_recording
1769441940000,2026-01-26T15:39:00Z,1788-1-1-GV,,device_not_recording
1769442000000,2026-01-26T15:40:00Z,1788-1-1-GV,,device_not_recording
1769442060000,2026-01-26T15:41:00Z,1788-1-1-GV,,device_not_recording
1769442120000,2026-01-26T15:42:00Z,1788-1-1-GV,,device_not_recording
1769442180000,2026-01-26T15:43:00Z,1788-1-1-GV,,device_not_recording
1769442240000,2026-01-26T15:44:00Z,1788-1-1-GV,,device_not_recording
1769442300000,2026-01-26T15:45:00Z,1788-1-1-GV,,device_not_recording
1769442360000,2026-01-26T15:46:00Z,1788-1-1-GV,,device_not_recording
1769442420000,2026-01-26T15:47:00Z,1788-1-1-GV,,device_not_recording
1769442480000,2026-01-26T15:48:00Z,1788-1-1-GV,,device_not_recording
1769442540000,2026-01-26T15:49:00Z,1788-1-1-GV,,device_not_recording
1769442600000,2026-01-26T15:50:00Z,1788-1-1-GV,,device_not_recording
1769442660000,2026-01-26T15:51:00Z,1788-1-1-GV,,device_not_recording
1769442720000,2026-01-26T15:52:00Z,1788-1-1-GV,,device_not_recording
1769442780000,2026-01-26T15:53:00Z,1788-1-1-GV,,device_not_recording
1769442840000,2026-01-26T15:54:00Z,1788-1-1-GV,,device_not_recording
1769442900000,2026-01-26T15:55:00Z,1788-1-1-GV,,device_not_recording
1769442960000,2026-01-26T15:56:00Z,1788-1-1-GV,,device_not_recording
1769443020000,2026-01-26T15:57:00Z,1788-1-1-GV,,device_not_recording
1769443080000,2026-01-26T15:58:00Z,1788-1-1-GV,,device_not_recording
1769443140000,2026-01-26T15:59:00Z,1788-1-1-GV,,device_not_recording
1769443200000,2026-01-26T16:00:00Z,1788-1-1-GV,,device_not_recording
1769443260000,2026-01-26T16:01:00Z,1788-1-1-GV,,device_not_recording
1769443320000,2026-01-26T16:02:00Z,1788-1-1-GV,,device_not_recording
1769443380000,2026-01-26T16:03:00Z,1788-1-1-GV,,device_not_recording
1769443440000,2026-01-26T16:04:00Z,1788-1-1-GV,,device_not_recording
1769443500000,2026-01-26T16:05:00Z,1788-1-1-GV,,device_not_recording
1769443560000,2026-01-26T16:06:00Z,1788-1-1-GV,,device_not_recording
1769443620000,2026-01-26T16:07:00Z,1788-1-1-GV,,device_not_recording
1769443680000,2026-01-26T16:08:00Z,1788-1-1-GV,,device_not_recording
1769443740000,2026-01-26T16:09:00Z,1788-1-1-GV,,device_not_recording
1769443800000,2026-01-26T16:10:00Z,1788-1-1-GV,,device_not_recording
1769443860000,2026-01-26T16:11:00Z,1788-1-1-GV,,device_not_recording
1769443920000,2026-01-26T16:12:00Z,1788-1-1-GV,,device_not_recording
1769443980000,2026-01-26T16:13:00Z,1788-1-1-GV,,device_not_recording
1769444040000,2026-01-26T16:14:00Z,1788-1-1-GV,,device_not_recording
1769444100000,2026-01-26T16:15:00Z,1788-1-1-GV,,device_not_recording
1769444160000,2026-01-26T16:16:00Z,1788-1-1-GV,,device_not_recording
1769444220000,2026-01-26T16:17:00Z,1788-1-1-GV,,device_not_recording
1769444280000,2026-01-26T16:18:00Z,1788-1-1-GV,,device_not_recording
1769444340000,2026-01-26T16:19:00Z,1788-1-1-GV,,device_not_recording
1769444400000,2026-01-26T16:20:00Z,1788-1-1-GV,,device_not_recording
1769444460000,2026-01-26T16:21:00Z,1788-1-1-GV,,device_not_recording
1769444520000,2026-01-26T16:22:00Z,1788-1-1-GV,,device_not_recording
1769444580000,2026-01-26T16:23:00Z,1788-1-1-GV,,device_not_recording
1769444640000,2026-01-26T16:24:00Z,1788-1-1-GV,,device_not_recording
1769444700000,2026-01-26T16:25:00Z,1788-1-1-GV,,device_not_recording
1769444760000,2026-01-26T16:26:00Z,1788-1-1-GV,,device_not_recording
1769444820000,2026-01-26T16:27:00Z,1788-1-1-GV,,device_not_recording
1769444880000,2026-01-26T16:28:00Z,1788-1-1-GV,,device_not_recording
1769444940000,2026-01-26T16:29:00Z,1788-1-1-GV,,device_not_recording
1769445000000,2026-01-26T16:30:00Z,1788-1-1-GV,,device_not_recording
1769445060000,2026-01-26T16:31:00Z,1788-1-1-GV,,device_not_recording
1769445120000,2026-01-26T16:32:00Z,1788-1-1-GV,,device_not_recording
1769445180000,2026-01-26T16:33:00Z,1788-1-1-GV,,device_not_recording
1769445240000,2026-01-26T16:34:00Z,1788-1-1-GV,,device_not_recording
1769445300000,2026-01-26T16:35:00Z,1788-1-1-GV,,device_not_recording
1769445360000,2026-01-26T16:36:00Z,1788-1-1-GV,,device_not_recording
1769445420000,2026-01-26T16:37:00Z,1788-1-1-GV,,device_not_recording
1769445480000,2026-01-26T16:38:00Z,1788-1-1-GV,,device_not_recording
1769445540000,2026-01-26T16:39:00Z,1788-1-1-GV,,device_not_recording
1769445600000,2026-01-26T16:40:00Z,1788-1-1-GV,,device_not_recording
1769445660000,2026-01-26T16:41:00Z,1788-1-1-GV,,device_not_recording
1769445720000,2026-01-26T16:42:00Z,1788-1-1-GV,,device_not_recording
1769445780000,2026-01-26T16:43:00Z,1788-1-1-GV,,device_not_recording
1769445840000,2026-01-26T16:44:00Z,1788-1-1-GV,,device_not_recording
1769445900000,2026-01-26T16:45:00Z,1788-1-1-GV,,device_not_recording
1769445960000,2026-01-26T16:46:00Z,1788-1-1-GV,,device_not_recording
1769446020000,2026-01-26T16:47:00Z,1788-1-1-GV,,device_not_recording
1769446080000,2026-01-26T16:48:00Z,1788-1-1-GV,,device_not_recording
1769446140000,2026-01-26T16:49:00Z,1788-1-1-GV,,device_not_recording
1769446200000,2026-01-26T16:50:00Z,1788-1-1-GV,,device_not_recording
1769446260000,2026-01-26T16:51:00Z,1788-1-1-GV,,device_not_recording
1769446320000,2026-01-26T16:52:00Z,1788-1-1-GV,,device_not_recording
1769446380000,2026-01-26T16:53:00Z,1788-1-1-GV,,device_not_recording
1769446440000,2026-01-26T16:54:00Z,1788-1-1-GV,,device_not_recording
1769446500000,2026-01-26T16:55:00Z,1788-1-1-GV,,device_not_recording
1769446560000,2026-01-26T16:56:00Z,1788-1-1-GV,,device_not_recording
1769446620000,2026-01-26T16:57:00Z,1788-1-1-GV,,device_not_recording
1769446680000,2026-01-26T16:58:00Z,1788-1-1-GV,,device_not_recording
1769446740000,2026-01-26T16:59:00Z,1788-1-1-GV,,device_not_recording
1769446800000,2026-01-26T17:00:00Z,1788-1-1-GV,,device_not_recording
1769446860000,2026-01-26T17:01:00Z,1788-1-1-GV,,device_not_recording
1769446920000,2026-01-26T17:02:00Z,1788-1-1-GV,,device_not_recording
1769446980000,2026-01-26T17:03:00Z,1788-1-1-GV,,device_not_recording
1769447040000,2026-01-26T17:04:00Z,1788-1-1-GV,,device_not_recording
1769447100000,2026-01-26T17:05:00Z,1788-1-1-GV,,device_not_recording
1769447160000,2026-01-26T17:06:00Z,1788-1-1-GV,,device_not_recording
1769447220000,2026-01-26T17:07:00Z,1788-1-1-GV,,device_not_recording
1769447280000,2026-01-26T17:08:00Z,1788-1-1-GV,,device_not_recording
1769447340000,2026-01-26T17:09:00Z,1788-1-1-GV,,device_not_recording
1769447400000,2026-01-26T17:10:00Z,1788-1-1-GV,,device_not_recording
1769447460000,2026-01-26T17:11:00Z,1788-1-1-GV,,device_not_recording
1769447520000,2026-01-26T17:12:00Z,1788-1-1-GV,,device_not_recording
1769447580000,2026-01-26T17:13:00Z,1788-1-1-GV,,device_not_recording
1769447640000,2026-01-26T17:14:00Z,1788-1-1-GV,,device_not_recording
1769447700000,2026-01-26T17:15:00Z,1788-1-1-GV,,device_not_recording
1769447760000,2026-01-26T17:16:00Z,1788-1-1-GV,,device_not_recording
1769447820000,2026-01-26T17:17:00Z,1788-1-1-GV,,device_not_recording
1769447880000,2026-01-26T17:18:00Z,1788-1-1-GV,,device_not_recording
1769447940000,2026-01-26T17:19:00Z,1788-1-1-GV,,device_not_recording
1769448000000,2026-01-26T17:20:00Z,1788-1-1-GV,,device_not_recording
1769448060000,2026-01-26T17:21:00Z,1788-1-1-GV,,device_not_recording
1769448120000,2026-01-26T17:22:00Z,1788-1-1-GV,,device_not_recording
1769448180000,2026-01-26T17:23:00Z,1788-1-1-GV,,device_not_recording
1769448240000,2026-01-26T17:24:00Z,1788-1-1-GV,,device_not_recording
1769448300000,2026-01-26T17:25:00Z,1788-1-1-GV,,device_not_recording
1769448360000,2026-01-26T17:26:00Z,1788-1-1-GV,,device_not_recording
1769448420000,2026-01-26T17:27:00Z,1788-1-1-GV,,device_not_recording
1769448480000,2026-01-26T17:28:00Z,1788-1-1-GV,,device_not_recording
1769448540000,2026-01-26T17:29:00Z,1788-1-1-GV,,device_not_recording
1769448600000,2026-01-26T17:30:00Z,1788-1-1-GV,,device_not_recording
1769448660000,2026-01-26T17:31:00Z,1788-1-1-GV,,device_not_recording
1769448720000,2026-01-26T17:32:00Z,1788-1-1-GV,,device_not_recording
1769448780000,2026-01-26T17:33:00Z,1788-1-1-GV,,device_not_recording
1769448840000,2026-01-26T17:34:00Z,1788-1-1-GV,,device_not_recording
1769448900000,2026-01-26T17:35:00Z,1788-1-1-GV,,device_not_recording
1769448960000,2026-01-26T17:36:00Z,1788-1-1-GV,,device_not_recording
1769449020000,2026-01-26T17:37:00Z,1788-1-1-GV,,device_not_recording
1769449080000,2026-01-26T17:38:00Z,1788-1-1-GV,,device_not_recording
1769449140000,2026-01-26T17:39:00Z,1788-1-1-GV,,device_not_recording
1769449200000,2026-01-26T17:40:00Z,1788-1-1-GV,,device_not_recording
1769449260000,2026-01-26T17:41:00Z,1788-1-1-GV,,device_not_recording
1769449320000,2026-01-26T17:42:00Z,1788-1-1-GV,,device_not_recording
1769449380000,2026-01-26T17:43:00Z,1788-1-1-GV,,device_not_recording
1769449440000,2026-01-26T17:44:00Z,1788-1-1-GV,,device_not_recording
1769449500000,2026-01-26T17:45:00Z,1788-1-1-GV,,device_not_recording
1769449560000,2026-01-26T17:46:00Z,1788-1-1-GV,,device_not_recording
1769449620000,2026-01-26T17:47:00Z,1788-1-1-GV,,device_not_recording
1769449680000,2026-01-26T17:48:00Z,1788-1-1-GV,,device_not_recording
1769449740000,2026-01-26T17:49:00Z,1788-1-1-GV,,device_not_recording
1769449800000,2026-01-26T17:50:00Z,1788-1-1-GV,,device_not_recording
1769449860000,2026-01-26T17:51:00Z,1788-1-1-GV,,device_not_recording
1769449920000,2026-01-26T17:52:00Z,1788-1-1-GV,,device_not_recording
1769449980000,2026-01-26T17:53:00Z,1788-1-1-GV,,device_not_recording
1769450040000,2026-01-26T17:54:00Z,1788-1-1-GV,,device_not_recording
1769450100000,2026-01-26T17:55:00Z,1788-1-1-GV,,device_not_recording
1769450160000,2026-01-26T17:56:00Z,1788-1-1-GV,,device_not_recording
1769450220000,2026-01-26T17:57:00Z,1788-1-1-GV,,device_not_recording
1769450280000,2026-01-26T17:58:00Z,1788-1-1-GV,,device_not_recording
1769450340000,2026-01-26T17:59:00Z,1788-1-1-GV,,device_not_recording
1769450400000,2026-01-26T18:00:00Z,1788-1-1-GV,,device_not_recording
1769450460000,2026-01-26T18:01:00Z,1788-1-1-GV,,device_not_recording
1769450520000,2026-01-26T18:02:00Z,1788-1-1-GV,,device_not_recording
1769450580000,2026-01-26T18:03:00Z,1788-1-1-GV,,device_not_recording
1769450640000,2026-01-26T18:04:00Z,1788-1-1-GV,,device_not_recording
1769450700000,2026-01-26T18:05:00Z,1788-1-1-GV,,device_not_recording
1769450760000,2026-01-26T18:06:00Z,1788-1-1-GV,,device_not_recording
1769450820000,2026-01-26T18:07:00Z,1788-1-1-GV,,device_not_recording
1769450880000,2026-01-26T18:08:00Z,1788-1-1-GV,,device_not_recording
1769450940000,2026-01-26T18:09:00Z,1788-1-1-GV,,device_not_recording
1769451000000,2026-01-26T18:10:00Z,1788-1-1-GV,,device_not_recording
1769451060000,2026-01-26T18:11:00Z,1788-1-1-GV,,device_not_recording
1769451120000,2026-01-26T18:12:00Z,1788-1-1-GV,,device_not_recording
1769451180000,2026-01-26T18:13:00Z,1788-1-1-GV,,device_not_recording
1769451240000,2026-01-26T18:14:00Z,1788-1-1-GV,,device_not_recording
1769451300000,2026-01-26T18:15:00Z,1788-1-1-GV,,device_not_recording
1769451360000,2026-01-26T18:16:00Z,1788-1-1-GV,,device_not_recording
1769451420000,2026-01-26T18:17:00Z,1788-1-1-GV,,device_not_recording
1769451480000,2026-01-26T18:18:00Z,1788-1-1-GV,,device_not_recording
1769451540000,2026-01-26T18:19:00Z,1788-1-1-GV,,device_not_recording
1769451600000,2026-01-26T18:20:00Z,1788-1-1-GV,,device_not_recording
1769451660000,2026-01-26T18:21:00Z,1788-1-1-GV,,device_not_recording
1769451720000,2026-01-26T18:22:00Z,1788-1-1-GV,,device_not_recording
1769451780000,2026-01-26T18:23:00Z,1788-1-1-GV,,device_not_recording
1769451840000,2026-01-26T18:24:00Z,1788-1-1-GV,,device_not_recording
1769451900000,2026-01-26T18:25:00Z,1788-1-1-GV,,device_not_recording
1769451960000,2026-01-26T18:26:00Z,1788-1-1-GV,,device_not_recording
1769452020000,2026-01-26T18:27:00Z,1788-1-1-GV,,device_not_recording
1769452080000,2026-01-26T18:28:00Z,1788-1-1-GV,,device_not_recording
1769452140000,2026-01-26T18:29:00Z,1788-1-1-GV,,device_not_recording
1769452200000,2026-01-26T18:30:00Z,1788-1-1-GV,,device_not_recording
1769452260000,2026-01-26T18:31:00Z,1788-1-1-GV,,device_not_recording
1769452320000,2026-01-26T18:32:00Z,1788-1-1-GV,,device_not_recording
1769452380000,2026-01-26T18:33:00Z,1788-1-1-GV,,device_not_recording
1769452440000,2026-01-26T18:34:00Z,1788-1-1-GV,,device_not_recording
1769452500000,2026-01-26T18:35:00Z,1788-1-1-GV,,device_not_recording
1769452560000,2026-01-26T18:36:00Z,1788-1-1-GV,,device_not_recording
1769452620000,2026-01-26T18:37:00Z,1788-1-1-GV,,device_not_recording
1769452680000,2026-01-26T18:38:00Z,1788-1-1-GV,,device_not_recording
1769452740000,2026-01-26T18:39:00Z,1788-1-1-GV,,device_not_recording
1769452800000,2026-01-26T18:40:00Z,1788-1-1-GV,,device_not_recording
1769452860000,2026-01-26T18:41:00Z,1788-1-1-GV,,device_not_recording
1769452920000,2026-01-26T18:42:00Z,1788-1-1-GV,,device_not_recording
1769452980000,2026-01-26T18:43:00Z,1788-1-1-GV,,device_not_recording
1769453040000,2026-01-26T18:44:00Z,1788-1-1-GV,,device_not_recording
1769453100000,2026-01-26T18:45:00Z,1788-1-1-GV,,device_not_recording
1769453160000,2026-01-26T18:46:00Z,1788-1-1-GV,,device_not_recording
1769453220000,2026-01-26T18:47:00Z,1788-1-1-GV,,device_not_recording
1769453280000,2026-01-26T18:48:00Z,1788-1-1-GV,,device_not_recording
1769453340000,2026-01-26T18:49:00Z,1788-1-1-GV,,device_not_recording
1769453400000,2026-01-26T18:50:00Z,1788-1-1-GV,,device_not_recording
1769453460000,2026-01-26T18:51:00Z,1788-1-1-GV,,device_not_recording
1769453520000,2026-01-26T18:52:00Z,1788-1-1-GV,,device_not_recording
1769453580000,2026-01-26T18:53:00Z,1788-1-1-GV,,device_not_recording
1769453640000,2026-01-26T18:54:00Z,1788-1-1-GV,,device_not_recording
1769453700000,2026-01-26T18:55:00Z,1788-1-1-GV,,device_not_recording
1769453760000,2026-01-26T18:56:00Z,1788-1-1-GV,,device_not_recording
1769453820000,2026-01-26T18:57:00Z,1788-1-1-GV,,device_not_recording
1769453880000,2026-01-26T18:58:00Z,1788-1-1-GV,,device_not_recording
1769453940000,2026-01-26T18:59:00Z,1788-1-1-GV,,device_not_recording
1769454000000,2026-01-26T19:00:00Z,1788-1-1-GV,,device_not_recording
1769454060000,2026-01-26T19:01:00Z,1788-1-1-GV,,device_not_recording
1769454120000,2026-01-26T19:02:00Z,1788-1-1-GV,,device_not_recording
1769454180000,2026-01-26T19:03:00Z,1788-1-1-GV,,device_not_recording
1769454240000,2026-01-26T19:04:00Z,1788-1-1-GV,,device_not_recording
1769454300000,2026-01-26T19:05:00Z,1788-1-1-GV,,device_not_recording
1769454360000,2026-01-26T19:06:00Z,1788-1-1-GV,,device_not_recording
1769454420000,2026-01-26T19:07:00Z,1788-1-1-GV,,device_not_recording
1769454480000,2026-01-26T19:08:00Z,1788-1-1-GV,,device_not_recording
1769454540000,2026-01-26T19:09:00Z,1788-1-1-GV,,device_not_recording
1769454600000,2026-01-26T19:10:00Z,1788-1-1-GV,,device_not_recording
1769454660000,2026-01-26T19:11:00Z,1788-1-1-GV,,device_not_recording
1769454720000,2026-01-26T19:12:00Z,1788-1-1-GV,,device_not_recording
1769454780000,2026-01-26T19:13:00Z,1788-1-1-GV,,device_not_recording
1769454840000,2026-01-26T19:14:00Z,1788-1-1-GV,,device_not_recording
1769454900000,2026-01-26T19:15:00Z,1788-1-1-GV,,device_not_recording
1769454960000,2026-01-26T19:16:00Z,1788-1-1-GV,,device_not_recording
1769455020000,2026-01-26T19:17:00Z,1788-1-1-GV,,device_not_recording
1769455080000,2026-01-26T19:18:00Z,1788-1-1-GV,,device_not_recording
1769455140000,2026-01-26T19:19:00Z,1788-1-1-GV,,device_not_recording
1769455200000,2026-01-26T19:20:00Z,1788-1-1-GV,,device_not_recording
1769455260000,2026-01-26T19:21:00Z,1788-1-1-GV,,device_not_recording
1769455320000,2026-01-26T19:22:00Z,1788-1-1-GV,,device_not_recording
1769455380000,2026-01-26T19:23:00Z,1788-1-1-GV,,device_not_recording
1769455440000,2026-01-26T19:24:00Z,1788-1-1-GV,,device_not_recording
1769455500000,2026-01-26T19:25:00Z,1788-1-1-GV,,device_not_recording
1769455560000,2026-01-26T19:26:00Z,1788-1-1-GV,,device_not_recording
1769455620000,2026-01-26T19:27:00Z,1788-1-1-GV,,device_not_recording
1769455680000,2026-01-26T19:28:00Z,1788-1-1-GV,,device_not_recording
1769455740000,2026-01-26T19:29:00Z,1788-1-1-GV,,device_not_recording
1769455800000,2026-01-26T19:30:00Z,1788-1-1-GV,,device_not_recording
1769455860000,2026-01-26T19:31:00Z,1788-1-1-GV,,device_not_recording
1769455920000,2026-01-26T19:32:00Z,1788-1-1-GV,,device_not_recording
1769455980000,2026-01-26T19:33:00Z,1788-1-1-GV,,device_not_recording
1769456040000,2026-01-26T19:34:00Z,1788-1-1-GV,,device_not_recording
1769456100000,2026-01-26T19:35:00Z,1788-1-1-GV,,device_not_recording
1769456160000,2026-01-26T19:36:00Z,1788-1-1-GV,,device_not_recording
1769456220000,2026-01-26T19:37:00Z,1788-1-1-GV,,device_not_recording
1769456280000,2026-01-26T19:38:00Z,1788-1-1-GV,,device_not_recording
1769456340000,2026-01-26T19:39:00Z,1788-1-1-GV,,device_not_recording
1769456400000,2026-01-26T19:40:00Z,1788-1-1-GV,,device_not_recording
1769456460000,2026-01-26T19:41:00Z,1788-1-1-GV,,device_not_recording
1769456520000,2026-01-26T19:42:00Z,1788-1-1-GV,,device_not_recording
1769456580000,2026-01-26T19:43:00Z,1788-1-1-GV,,device_not_recording
1769456640000,2026-01-26T19:44:00Z,1788-1-1-GV,,device_not_recording
1769456700000,2026-01-26T19:45:00Z,1788-1-1-GV,,device_not_recording
1769456760000,2026-01-26T19:46:00Z,1788-1-1-GV,,device_not_recording
1769456820000,2026-01-26T19:47:00Z,1788-1-1-GV,,device_not_recording
1769456880000,2026-01-26T19:48:00Z,1788-1-1-GV,,device_not_recording
1769456940000,2026-01-26T19:49:00Z,1788-1-1-GV,,device_not_recording
1769457000000,2026-01-26T19:50:00Z,1788-1-1-GV,,device_not_recording
1769457060000,2026-01-26T19:51:00Z,1788-1-1-GV,,device_not_recording
1769457120000,2026-01-26T19:52:00Z,1788-1-1-GV,,device_not_recording
1769457180000,2026-01-26T19:53:00Z,1788-1-1-GV,,device_not_recording
1769457240000,2026-01-26T19:54:00Z,1788-1-1-GV,,device_not_recording
1769457300000,2026-01-26T19:55:00Z,1788-1-1-GV,,device_not_recording
1769457360000,2026-01-26T19:56:00Z,1788-1-1-GV,,device_not_recording
1769457420000,2026-01-26T19:57:00Z,1788-1-1-GV,,device_not_recording
1769457480000,2026-01-26T19:58:00Z,1788-1-1-GV,,device_not_recording
1769457540000,2026-01-26T19:59:00Z,1788-1-1-GV,,device_not_recording
1769457600000,2026-01-26T20:00:00Z,1788-1-1-GV,,device_not_recording
1769457660000,2026-01-26T20:01:00Z,1788-1-1-GV,,device_not_recording
1769457720000,2026-01-26T20:02:00Z,1788-1-1-GV,,device_not_recording
1769457780000,2026-01-26T20:03:00Z,1788-1-1-GV,,device_not_recording
1769457840000,2026-01-26T20:04:00Z,1788-1-1-GV,,device_not_recording
1769457900000,2026-01-26T20:05:00Z,1788-1-1-GV,,device_not_recording
1769457960000,2026-01-26T20:06:00Z,1788-1-1-GV,,device_not_recording
1769458020000,2026-01-26T20:07:00Z,1788-1-1-GV,,device_not_recording
1769458080000,2026-01-26T20:08:00Z,1788-1-1-GV,,device_not_recording
1769458140000,2026-01-26T20:09:00Z,1788-1-1-GV,,device_not_recording
1769458200000,2026-01-26T20:10:00Z,1788-1-1-GV,,device_not_recording
1769458260000,2026-01-26T20:11:00Z,1788-1-1-GV,,device_not_recording
1769458320000,2026-01-26T20:12:00Z,1788-1-1-GV,,device_not_recording
1769458380000,2026-01-26T20:13:00Z,1788-1-1-GV,,device_not_recording
1769458440000,2026-01-26T20:14:00Z,1788-1-1-GV,,device_not_recording
1769458500000,2026-01-26T20:15:00Z,1788-1-1-GV,,device_not_recording
1769458560000,2026-01-26T20:16:00Z,1788-1-1-GV,,device_not_recording
1769458620000,2026-01-26T20:17:00Z,1788-1-1-GV,,device_not_recording
1769458680000,2026-01-26T20:18:00Z,1788-1-1-GV,,device_not_recording
1769458740000,2026-01-26T20:19:00Z,1788-1-1-GV,,device_not_recording
1769458800000,2026-01-26T20:20:00Z,1788-1-1-GV,,device_not_recording
1769458860000,2026-01-26T20:21:00Z,1788-1-1-GV,,device_not_recording
1769458920000,2026-01-26T20:22:00Z,1788-1-1-GV,,device_not_recording
1769458980000,2026-01-26T20:23:00Z,1788-1-1-GV,,device_not_recording
1769459040000,2026-01-26T20:24:00Z,1788-1-1-GV,,device_not_recording
1769459100000,2026-01-26T20:25:00Z,1788-1-1-GV,,device_not_recording
1769459160000,2026-01-26T20:26:00Z,1788-1-1-GV,,device_not_recording
1769459220000,2026-01-26T20:27:00Z,1788-1-1-GV,,device_not_recording
1769459280000,2026-01-26T20:28:00Z,1788-1-1-GV,,device_not_recording
1769459340000,2026-01-26T20:29:00Z,1788-1-1-GV,,device_not_recording
1769459400000,2026-01-26T20:30:00Z,1788-1-1-GV,,device_not_recording
1769459460000,2026-01-26T20:31:00Z,1788-1-1-GV,,device_not_recording
1769459520000,2026-01-26T20:32:00Z,1788-1-1-GV,,device_not_recording
1769459580000,2026-01-26T20:33:00Z,1788-1-1-GV,,device_not_recording
1769459640000,2026-01-26T20:34:00Z,1788-1-1-GV,,device_not_recording
1769459700000,2026-01-26T20:35:00Z,1788-1-1-GV,,device_not_recording
1769459760000,2026-01-26T20:36:00Z,1788-1-1-GV,,device_not_recording
1769459820000,2026-01-26T20:37:00Z,1788-1-1-GV,,device_not_recording
1769459880000,2026-01-26T20:38:00Z,1788-1-1-GV,,device_not_recording
1769459940000,2026-01-26T20:39:00Z,1788-1-1-GV,,device_not_recording
1769460000000,2026-01-26T20:40:00Z,1788-1-1-GV,,device_not_recording
1769460060000,2026-01-26T20:41:00Z,1788-1-1-GV,,device_not_recording
1769460120000,2026-01-26T20:42:00Z,1788-1-1-GV,,device_not_recording
1769460180000,2026-01-26T20:43:00Z,1788-1-1-GV,,device_not_recording
1769460240000,2026-01-26T20:44:00Z,1788-1-1-GV,,device_not_recording
1769460300000,2026-01-26T20:45:00Z,1788-1-1-GV,,device_not_recording
1769460360000,2026-01-26T20:46:00Z,1788-1-1-GV,,device_not_recording
1769460420000,2026-01-26T20:47:00Z,1788-1-1-GV,,device_not_recording
1769460480000,2026-01-26T20:48:00Z,1788-1-1-GV,,device_not_recording
1769460540000,2026-01-26T20:49:00Z,1788-1-1-GV,,device_not_recording
1769460600000,2026-01-26T20:50:00Z,1788-1-1-GV,,device_not_recording
1769460660000,2026-01-26T20:51:00Z,1788-1-1-GV,,device_not_recording
1769460720000,2026-01-26T20:52:00Z,1788-1-1-GV,,device_not_recording
1769460780000,2026-01-26T20:53:00Z,1788-1-1-GV,,device_not_recording
1769460840000,2026-01-26T20:54:00Z,1788-1-1-GV,,device_not_recording
1769460900000,2026-01-26T20:55:00Z,1788-1-1-GV,,device_not_recording
1769460960000,2026-01-26T20:56:00Z,1788-1-1-GV,,device_not_recording
1769461020000,2026-01-26T20:57:00Z,1788-1-1-GV,,device_not_recording
1769461080000,2026-01-26T20:58:00Z,1788-1-1-GV,,device_not_recording
1769461140000,2026-01-26T20:59:00Z,1788-1-1-GV,,device_not_recording
1769461200000,2026-01-26T21:00:00Z,1788-1-1-GV,,device_not_recording
1769461260000,2026-01-26T21:01:00Z,1788-1-1-GV,,device_not_recording
1769461320000,2026-01-26T21:02:00Z,1788-1-1-GV,,device_not_recording
1769461380000,2026-01-26T21:03:00Z,1788-1-1-GV,,device_not_recording
1769461440000,2026-01-26T21:04:00Z,1788-1-1-GV,,device_not_recording
1769461500000,2026-01-26T21:05:00Z,1788-1-1-GV,,device_not_recording
1769461560000,2026-01-26T21:06:00Z,1788-1-1-GV,,device_not_recording
1769461620000,2026-01-26T21:07:00Z,1788-1-1-GV,,device_not_recording
1769461680000,2026-01-26T21:08:00Z,1788-1-1-GV,,device_not_recording
1769461740000,2026-01-26T21:09:00Z,1788-1-1-GV,,device_not_recording
1769461800000,2026-01-26T21:10:00Z,1788-1-1-GV,,device_not_recording
1769461860000,2026-01-26T21:11:00Z,1788-1-1-GV,,device_not_recording
1769461920000,2026-01-26T21:12:00Z,1788-1-1-GV,,device_not_recording
1769461980000,2026-01-26T21:13:00Z,1788-1-1-GV,,device_not_recording
1769462040000,2026-01-26T21:14:00Z,1788-1-1-GV,,device_not_recording
1769462100000,2026-01-26T21:15:00Z,1788-1-1-GV,,device_not_recording
1769462160000,2026-01-26T21:16:00Z,1788-1-1-GV,,device_not_recording
1769462220000,2026-01-26T21:17:00Z,1788-1-1-GV,,device_not_recording
1769462280000,2026-01-26T21:18:00Z,1788-1-1-GV,,device_not_recording
1769462340000,2026-01-26T21:19:00Z,1788-1-1-GV,,device_not_recording
1769462400000,2026-01-26T21:20:00Z,1788-1-1-GV,,device_not_recording
1769462460000,2026-01-26T21:21:00Z,1788-1-1-GV,,device_not_recording
1769462520000,2026-01-26T21:22:00Z,1788-1-1-GV,,device_not_recording
1769462580000,2026-01-26T21:23:00Z,1788-1-1-GV,,device_not_recording
1769462640000,2026-01-26T21:24:00Z,1788-1-1-GV,,device_not_recording
1769462700000,2026-01-26T21:25:00Z,1788-1-1-GV,,device_not_recording
1769462760000,2026-01-26T21:26:00Z,1788-1-1-GV,,device_not_recording
1769462820000,2026-01-26T21:27:00Z,1788-1-1-GV,,device_not_recording
1769462880000,2026-01-26T21:28:00Z,1788-1-1-GV,,device_not_recording
1769462940000,2026-01-26T21:29:00Z,1788-1-1-GV,,device_not_recording
1769463000000,2026-01-26T21:30:00Z,1788-1-1-GV,,device_not_recording
1769463060000,2026-01-26T21:31:00Z,1788-1-1-GV,,device_not_recording
1769463120000,2026-01-26T21:32:00Z,1788-1-1-GV,,device_not_recording
1769463180000,2026-01-26T21:33:00Z,1788-1-1-GV,,device_not_recording
1769463240000,2026-01-26T21:34:00Z,1788-1-1-GV,,device_not_recording
1769463300000,2026-01-26T21:35:00Z,1788-1-1-GV,,device_not_recording
1769463360000,2026-01-26T21:36:00Z,1788-1-1-GV,,device_not_recording
1769463420000,2026-01-26T21:37:00Z,1788-1-1-GV,,device_not_recording
1769463480000,2026-01-26T21:38:00Z,1788-1-1-GV,,device_not_recording
1769463540000,2026-01-26T21:39:00Z,1788-1-1-GV,,device_not_recording
1769463600000,2026-01-26T21:40:00Z,1788-1-1-GV,,device_not_recording
1769463660000,2026-01-26T21:41:00Z,1788-1-1-GV,,device_not_recording
1769463720000,2026-01-26T21:42:00Z,1788-1-1-GV,,device_not_recording
1769463780000,2026-01-26T21:43:00Z,1788-1-1-GV,,device_not_recording
1769463840000,2026-01-26T21:44:00Z,1788-1-1-GV,,device_not_recording
1769463900000,2026-01-26T21:45:00Z,1788-1-1-GV,,device_not_recording
1769463960000,2026-01-26T21:46:00Z,1788-1-1-GV,,device_not_recording
1769464020000,2026-01-26T21:47:00Z,1788-1-1-GV,,device_not_recording
1769464080000,2026-01-26T21:48:00Z,1788-1-1-GV,,device_not_recording
1769464140000,2026-01-26T21:49:00Z,1788-1-1-GV,,device_not_recording
1769464200000,2026-01-26T21:50:00Z,1788-1-1-GV,,device_not_recording
1769464260000,2026-01-26T21:51:00Z,1788-1-1-GV,,device_not_recording
1769464320000,2026-01-26T21:52:00Z,1788-1-1-GV,,device_not_recording
1769464380000,2026-01-26T21:53:00Z,1788-1-1-GV,,device_not_recording
1769464440000,2026-01-26T21:54:00Z,1788-1-1-GV,,device_not_recording
1769464500000,2026-01-26T21:55:00Z,1788-1-1-GV,,device_not_recording
1769464560000,2026-01-26T21:56:00Z,1788-1-1-GV,,device_not_recording
1769464620000,2026-01-26T21:57:00Z,1788-1-1-GV,,device_not_recording
1769464680000,2026-01-26T21:58:00Z,1788-1-1-GV,,device_not_recording
1769464740000,2026-01-26T21:59:00Z,1788-1-1-GV,,device_not_recording
1769464800000,2026-01-26T22:00:00Z,1788-1-1-GV,,device_not_recording
1769464860000,2026-01-26T22:01:00Z,1788-1-1-GV,,device_not_recording
1769464920000,2026-01-26T22:02:00Z,1788-1-1-GV,,device_not_recording
1769464980000,2026-01-26T22:03:00Z,1788-1-1-GV,,device_not_recording
1769465040000,2026-01-26T22:04:00Z,1788-1-1-GV,,device_not_recording
1769465100000,2026-01-26T22:05:00Z,1788-1-1-GV,,device_not_recording
1769465160000,2026-01-26T22:06:00Z,1788-1-1-GV,,device_not_recording
1769465220000,2026-01-26T22:07:00Z,1788-1-1-GV,,device_not_recording
1769465280000,2026-01-26T22:08:00Z,1788-1-1-GV,,device_not_recording
1769465340000,2026-01-26T22:09:00Z,1788-1-1-GV,,device_not_recording
1769465400000,2026-01-26T22:10:00Z,1788-1-1-GV,,device_not_recording
1769465460000,2026-01-26T22:11:00Z,1788-1-1-GV,,device_not_recording
1769465520000,2026-01-26T22:12:00Z,1788-1-1-GV,,device_not_recording
1769465580000,2026-01-26T22:13:00Z,1788-1-1-GV,,device_not_recording
1769465640000,2026-01-26T22:14:00Z,1788-1-1-GV,,device_not_recording
1769465700000,2026-01-26T22:15:00Z,1788-1-1-GV,,device_not_recording
1769465760000,2026-01-26T22:16:00Z,1788-1-1-GV,,device_not_recording
1769465820000,2026-01-26T22:17:00Z,1788-1-1-GV,,device_not_recording
1769465880000,2026-01-26T22:18:00Z,1788-1-1-GV,,device_not_recording
1769465940000,2026-01-26T22:19:00Z,1788-1-1-GV,,device_not_recording
1769466000000,2026-01-26T22:20:00Z,1788-1-1-GV,,device_not_recording
1769466060000,2026-01-26T22:21:00Z,1788-1-1-GV,,device_not_recording
1769466120000,2026-01-26T22:22:00Z,1788-1-1-GV,,device_not_recording
1769466180000,2026-01-26T22:23:00Z,1788-1-1-GV,,device_not_recording
1769466240000,2026-01-26T22:24:00Z,1788-1-1-GV,,device_not_recording
1769466300000,2026-01-26T22:25:00Z,1788-1-1-GV,,device_not_recording
1769466360000,2026-01-26T22:26:00Z,1788-1-1-GV,,device_not_recording
1769466420000,2026-01-26T22:27:00Z,1788-1-1-GV,,device_not_recording
1769466480000,2026-01-26T22:28:00Z,1788-1-1-GV,,device_not_recording
1769466540000,2026-01-26T22:29:00Z,1788-1-1-GV,,device_not_recording
1769466600000,2026-01-26T22:30:00Z,1788-1-1-GV,,device_not_recording
1769466660000,2026-01-26T22:31:00Z,1788-1-1-GV,,device_not_recording
1769466720000,2026-01-26T22:32:00Z,1788-1-1-GV,,device_not_recording
1769466780000,2026-01-26T22:33:00Z,1788-1-1-GV,,device_not_recording
1769466840000,2026-01-26T22:34:00Z,1788-1-1-GV,,device_not_recording
1769466900000,2026-01-26T22:35:00Z,1788-1-1-GV,,device_not_recording
1769466960000,2026-01-26T22:36:00Z,1788-1-1-GV,,device_not_recording
1769467020000,2026-01-26T22:37:00Z,1788-1-1-GV,,device_not_recording
1769467080000,2026-01-26T22:38:00Z,1788-1-1-GV,,device_not_recording
1769467140000,2026-01-26T22:39:00Z,1788-1-1-GV,,device_not_recording
1769467200000,2026-01-26T22:40:00Z,1788-1-1-GV,,device_not_recording
1769467260000,2026-01-26T22:41:00Z,1788-1-1-GV,,device_not_recording
1769467320000,2026-01-26T22:42:00Z,1788-1-1-GV,,device_not_recording
1769467380000,2026-01-26T22:43:00Z,1788-1-1-GV,,device_not_recording
1769467440000,2026-01-26T22:44:00Z,1788-1-1-GV,,device_not_recording
1769467500000,2026-01-26T22:45:00Z,1788-1-1-GV,,device_not_recording
1769467560000,2026-01-26T22:46:00Z,1788-1-1-GV,,device_not_recording
1769467620000,2026-01-26T22:47:00Z,1788-1-1-GV,,device_not_recording
1769467680000,2026-01-26T22:48:00Z,1788-1-1-GV,,device_not_recording
1769467740000,2026-01-26T22:49:00Z,1788-1-1-GV,,device_not_recording
1769467800000,2026-01-26T22:50:00Z,1788-1-1-GV,,device_not_recording
1769467860000,2026-01-26T22:51:00Z,1788-1-1-GV,,device_not_recording
1769467920000,2026-01-26T22:52:00Z,1788-1-1-GV,,device_not_recording
1769467980000,2026-01-26T22:53:00Z,1788-1-1-GV,,device_not_recording
1769468040000,2026-01-26T22:54:00Z,1788-1-1-GV,,device_not_recording
1769468100000,2026-01-26T22:55:00Z,1788-1-1-GV,,device_not_recording
1769468160000,2026-01-26T22:56:00Z,1788-1-1-GV,,device_not_recording
1769468220000,2026-01-26T22:57:00Z,1788-1-1-GV,,device_not_recording
1769468280000,2026-01-26T22:58:00Z,1788-1-1-GV,,device_not_recording
1769468340000,2026-01-26T22:59:00Z,1788-1-1-GV,,device_not_recording
1769468400000,2026-01-26T23:00:00Z,1788-1-1-GV,,device_not_recording
1769468460000,2026-01-26T23:01:00Z,1788-1-1-GV,,device_not_recording
1769468520000,2026-01-26T23:02:00Z,1788-1-1-GV,,device_not_recording
1769468580000,2026-01-26T23:03:00Z,1788-1-1-GV,,device_not_recording
1769468640000,2026-01-26T23:04:00Z,1788-1-1-GV,,device_not_recording
1769468700000,2026-01-26T23:05:00Z,1788-1-1-GV,,device_not_recording
1769468760000,2026-01-26T23:06:00Z,1788-1-1-GV,,device_not_recording
1769468820000,2026-01-26T23:07:00Z,1788-1-1-GV,,device_not_recording
1769468880000,2026-01-26T23:08:00Z,1788-1-1-GV,,device_not_recording
1769468940000,2026-01-26T23:09:00Z,1788-1-1-GV,,device_not_recording
1769469000000,2026-01-26T23:10:00Z,1788-1-1-GV,,device_not_recording
1769469060000,2026-01-26T23:11:00Z,1788-1-1-GV,,device_not_recording
1769469120000,2026-01-26T23:12:00Z,1788-1-1-GV,,device_not_recording
1769469180000,2026-01-26T23:13:00Z,1788-1-1-GV,,device_not_recording
1769469240000,2026-01-26T23:14:00Z,1788-1-1-GV,,device_not_recording
1769469300000,2026-01-26T23:15:00Z,1788-1-1-GV,,device_not_recording
1769469360000,2026-01-26T23:16:00Z,1788-1-1-GV,,device_not_recording
1769469420000,2026-01-26T23:17:00Z,1788-1-1-GV,,device_not_recording
1769469480000,2026-01-26T23:18:00Z,1788-1-1-GV,,device_not_recording
1769469540000,2026-01-26T23:19:00Z,1788-1-1-GV,,device_not_recording
1769469600000,2026-01-26T23:20:00Z,1788-1-1-GV,,device_not_recording
1769469660000,2026-01-26T23:21:00Z,1788-1-1-GV,,device_not_recording
1769469720000,2026-01-26T23:22:00Z,1788-1-1-GV,,device_not_recording
1769469780000,2026-01-26T23:23:00Z,1788-1-1-GV,,device_not_recording
1769469840000,2026-01-26T23:24:00Z,1788-1-1-GV,,device_not_recording
1769469900000,2026-01-26T23:25:00Z,1788-1-1-GV,,device_not_recording
1769469960000,2026-01-26T23:26:00Z,1788-1-1-GV,,device_not_recording
1769470020000,2026-01-26T23:27:00Z,1788-1-1-GV,,device_not_recording
1769470080000,2026-01-26T23:28:00Z,1788-1-1-GV,,device_not_recording
1769470140000,2026-01-26T23:29:00Z,1788-1-1-GV,,device_not_recording
1769470200000,2026-01-26T23:30:00Z,1788-1-1-GV,,device_not_recording
1769470260000,2026-01-26T23:31:00Z,1788-1-1-GV,,device_not_recording
1769470320000,2026-01-26T23:32:00Z,1788-1-1-GV,,device_not_recording
1769470380000,2026-01-26T23:33:00Z,1788-1-1-GV,,device_not_recording
1769470440000,2026-01-26T23:34:00Z,1788-1-1-GV,,device_not_recording
1769470500000,2026-01-26T23:35:00Z,1788-1-1-GV,,device_not_recording
1769470560000,2026-01-26T23:36:00Z,1788-1-1-GV,,device_not_recording
1769470620000,2026-01-26T23:37:00Z,1788-1-1-GV,,device_not_recording
1769470680000,2026-01-26T23:38:00Z,1788-1-1-GV,,device_not_recording
1769470740000,2026-01-26T23:39:00Z,1788-1-1-GV,,device_not_recording
1769470800000,2026-01-26T23:40:00Z,1788-1-1-GV,,device_not_recording
1769470860000,2026-01-26T23:41:00Z,1788-1-1-GV,,device_not_recording
1769470920000,2026-01-26T23:42:00Z,1788-1-1-GV,,device_not_recording
1769470980000,2026-01-26T23:43:00Z,1788-1-1-GV,,device_not_recording
1769471040000,2026-01-26T23:44:00Z,1788-1-1-GV,,device_not_recording
1769471100000,2026-01-26T23:45:00Z,1788-1-1-GV,,device_not_recording
1769471160000,2026-01-26T23:46:00Z,1788-1-1-GV,,device_not_recording
1769471220000,2026-01-26T23:47:00Z,1788-1-1-GV,,device_not_recording
1769471280000,2026-01-26T23:48:00Z,1788-1-1-GV,,device_not_recording
1769471340000,2026-01-26T23:49:00Z,1788-1-1-GV,,device_not_recording
1769471400000,2026-01-26T23:50:00Z,1788-1-1-GV,,device_not_recording
1769471460000,2026-01-26T23:51:00Z,1788-1-1-GV,,device_not_recording
1769471520000,2026-01-26T23:52:00Z,1788-1-1-GV,,device_not_recording
1769471580000,2026-01-26T23:53:00Z,1788-1-1-GV,,device_not_recording
1769471640000,2026-01-26T23:54:00Z,1788-1-1-GV,,device_not_recording
1769471700000,2026-01-26T23:55:00Z,1788-1-1-GV,,device_not_recording
1769471760000,2026-01-26T23:56:00Z,1788-1-1-GV,,device_not_recording
1769471820000,2026-01-26T23:57:00Z,1788-1-1-GV,,device_not_recording
1769471880000,2026-01-26T23:58:00Z,1788-1-1-GV,,device_not_recording
1769471940000,2026-01-26T23:59:00Z,1788-1-1-GV,,device_not_recording
