timestamp_unix,timestamp_iso,participant_full_id,accelerometers_std_g,missing_value_reason
1770595200000,2026-02-09T00:00:00Z,1788-1-1-GV,,device_not_recording
1770595260000,2026-02-09T00:01:00Z,1788-1-1-GV,,device_not_recording
1770595320000,2026-02-09T00:02:00Z,1788-1-1-GV,,device_not_recording
1770595380000,2026-02-09T00:03:00Z,1788-1-1-GV,,device_not_recording
1770595440000,2026-02-09T00:04:00Z,1788-1-1-GV,,device_not_recording
1770595500000,2026-02-09T00:05:00Z,1788-1-1-GV,,device_not_recording
1770595560000,2026-02-09T00:06:00Z,1788-1-1-GV,,device_not_recording
1770595620000,2026-02-09T00:07:00Z,1788-1-1-GV,,device_not_recording
1770595680000,2026-02-09T00:08:00Z,1788-1-1-GV,,device_not_recording
1770595740000,2026-02-09T00:09:00Z,1788-1-1-GV,,device_not_recording
1770595800000,2026-02-09T00:10:00Z,1788-1-1-GV,,device_not_recording
1770595860000,2026-02-09T00:11:00Z,1788-1-1-GV,,device_not_recording
1770595920000,2026-02-09T00:12:00Z,1788-1-1-GV,,device_not_recording
1770595980000,2026-02-09T00:13:00Z,1788-1-1-GV,,device_not_recording
1770596040000,2026-02-09T00:14:00Z,1788-1-1-GV,,device_not_recording
1770596100000,2026-02-09T00:15:00Z,1788-1-1-GV,,device_not_recording
1770596160000,2026-02-09T00:16:00Z,1788-1-1-GV,,device_not_recording
1770596220000,2026-02-09T00:17:00Z,1788-1-1-GV,,device_not_recording
1770596280000,2026-02-09T00:18:00Z,1788-1-1-GV,,device_not_recording
1770596340000,2026-02-09T00:19:00Z,1788-1-1-GV,,device_not_recording
1770596400000,2026-02-09T00:20:00Z,1788-1-1-GV,,device_not_recording
1770596460000,2026-02-09T00:21:00Z,1788-1-1-GV,,device_not_recording
1770596520000,2026-02-09T00:22:00Z,1788-1-1-GV,,device_not_recording
1770596580000,2026-02-09T00:23:00Z,1788-1-1-GV,,device_not_recording
1770596640000,2026-02-09T00:24:00Z,1788-1-1-GV,,device_not_recording
1770596700000,2026-02-09T00:25:00Z,1788-1-1-GV,,device_not_recording
1770596760000,2026-02-09T00:26:00Z,1788-1-1-GV,,device_not_recording
1770596820000,2026-02-09T00:27:00Z,1788-1-1-GV,,device_not_recording
1770596880000,2026-02-09T00:28:00Z,1788-1-1-GV,,device_not_recording
1770596940000,2026-02-09T00:29:00Z,1788-1-1-GV,,device_not_recording
1770597000000,2026-02-09T00:30:00Z,1788-1-1-GV,,device_not_recording
1770597060000,2026-02-09T00:31:00Z,1788-1-1-GV,,device_not_recording
1770597120000,2026-02-09T00:32:00Z,1788-1-1-GV,,device_not_recording
1770597180000,2026-02-09T00:33:00Z,1788-1-1-GV,,device_not_recording
1770597240000,2026-02-09T00:34:00Z,1788-1-1-GV,,device_not_recording
1770597300000,2026-02-09T00:35:00Z,1788-1-1-GV,,device_not_recording
1770597360000,2026-02-09T00:36:00Z,1788-1-1-GV,,device_not_recording
1770597420000,2026-02-09T00:37:00Z,1788-1-1-GV,,device_not_recording
1770597480000,2026-02-09T00:38:00Z,1788-1-1-GV,,device_not_recording
1770597540000,2026-02-09T00:39:00Z,1788-1-1-GV,,device_not_recording
1770597600000,2026-02-09T00:40:00Z,1788-1-1-GV,,device_not_recording
1770597660000,2026-02-09T00:41:00Z,1788-1-1-GV,,device_not_recording
1770597720000,2026-02-09T00:42:00Z,1788-1-1-GV,,device_not_recording
1770597780000,2026-02-09T00:43:00Z,1788-1-1-GV,,device_not_recording
1770597840000,2026-02-09T00:44:00Z,1788-1-1-GV,,device_not_recording
1770597900000,2026-02-09T00:45:00Z,1788-1-1-GV,,device_not_recording
1770597960000,2026-02-09T00:46:00Z,1788-1-1-GV,,device_not_recording
1770598020000,2026-02-09T00:47:00Z,1788-1-1-GV,,device_not_recording
1770598080000,2026-02-09T00:48:00Z,1788-1-1-GV,,device_not_recording
1770598140000,2026-02-09T00:49:00Z,1788-1-1-GV,,device_not_recording
1770598200000,2026-02-09T00:50:00Z,1788-1-1-GV,,device_not_recording
1770598260000,2026-02-09T00:51:00Z,1788-1-1-GV,,device_not_recording
1770598320000,2026-02-09T00:52:00Z,1788-1-1-GV,,device_not_recording
1770598380000,2026-02-09T00:53:00Z,1788-1-1-GV,,device_not_recording
1770598440000,2026-02-09T00:54:00Z,1788-1-1-GV,,device_not_recording
1770598500000,2026-02-09T00:55:00Z,1788-1-1-GV,,device_not_recording
1770598560000,2026-02-09T00:56:00Z,1788-1-1-GV,,device_not_recording
1770598620000,2026-02-09T00:57:00Z,1788-1-1-GV,,device_not_recording
1770598680000,2026-02-09T00:58:00Z,1788-1-1-GV,,device_not_recording
1770598740000,2026-02-09T00:59:00Z,1788-1-1-GV,,device_not_recording
1770598800000,2026-02-09T01:00:00Z,1788-1-1-GV,,device_not_recording
1770598860000,2026-02-09T01:01:00Z,1788-1-1-GV,,device_not_recording
1770598920000,2026-02-09T01:02:00Z,1788-1-1-GV,,device_not_recording
1770598980000,2026-02-09T01:03:00Z,1788-1-1-GV,,device_not_recording
1770599040000,2026-02-09T01:04:00Z,1788-1-1-GV,,device_not_recording
1770599100000,2026-02-09T01:05:00Z,1788-1-1-GV,,device_not_recording
1770599160000,2026-02-09T01:06:00Z,1788-1-1-GV,,device_not_recording
1770599220000,2026-02-09T01:07:00Z,1788-1-1-GV,,device_not_recording
1770599280000,2026-02-09T01:08:00Z,1788-1-1-GV,,device_not_recording
1770599340000,2026-02-09T01:09:00Z,1788-1-1-GV,,device_not_recording
1770599400000,2026-02-09T01:10:00Z,1788-1-1-GV,,device_not_recording
1770599460000,2026-02-09T01:11:00Z,1788-1-1-GV,,device_not_recording
1770599520000,2026-02-09T01:12:00Z,1788-1-1-GV,,device_not_recording
1770599580000,2026-02-09T01:13:00Z,1788-1-1-GV,,device_not_recording
1770599640000,2026-02-09T01:14:00Z,1788-1-1-GV,,device_not_recording
1770599700000,2026-02-09T01:15:00Z,1788-1-1-GV,,device_not_recording
1770599760000,2026-02-09T01:16:00Z,1788-1-1-GV,,device_not_recording
1770599820000,2026-02-09T01:17:00Z,1788-1-1-GV,,device_not_recording
1770599880000,2026-02-09T01:18:00Z,1788-1-1-GV,,device_not_recording
1770599940000,2026-02-09T01:19:00Z,1788-1-1-GV,,device_not_recording
1770600000000,2026-02-09T01:20:00Z,1788-1-1-GV,,device_not_recording
1770600060000,2026-02-09T01:21:00Z,1788-1-1-GV,,device_not_recording
1770600120000,2026-02-09T01:22:00Z,1788-1-1-GV,,device_not_recording
1770600180000,2026-02-09T01:23:00Z,1788-1-1-GV,,device_not_recording
1770600240000,2026-02-09T01:24:00Z,1788-1-1-GV,,device_not_recording
1770600300000,2026-02-09T01:25:00Z,1788-1-1-GV,,device_not_recording
1770600360000,2026-02-09T01:26:00Z,1788-1-1-GV,,device_not_recording
1770600420000,2026-02-09T01:27:00Z,1788-1-1-GV,,device_not_recording
1770600480000,2026-02-09T01:28:00Z,1788-1-1-GV,,device_not_recording
1770600540000,2026-02-09T01:29:00Z,1788-1-1-GV,,device_not_recording
1770600600000,2026-02-09T01:30:00Z,1788-1-1-GV,,device_not_recording
1770600660000,2026-02-09T01:31:00Z,1788-1-1-GV,,device_not_recording
1770600720000,2026-02-09T01:32:00Z,1788-1-1-GV,,device_not_recording
1770600780000,2026-02-09T01:33:00Z,1788-1-1-GV,,device_not_recording
1770600840000,2026-02-09T01:34:00Z,1788-1-1-GV,,device_not_recording
1770600900000,2026-02-09T01:35:00Z,1788-1-1-GV,,device_not_recording
1770600960000,2026-02-09T01:36:00Z,1788-1-1-GV,,device_not_recording
1770601020000,2026-02-09T01:37:00Z,1788-1-1-GV,,device_not_recording
1770601080000,2026-02-09T01:38:00Z,1788-1-1-GV,,device_not_recording
1770601140000,2026-02-09T01:39:00Z,1788-1-1-GV,,device_not_recording
1770601200000,2026-02-09T01:40:00Z,1788-1-1-GV,,device_not_recording
1770601260000,2026-02-09T01:41:00Z,1788-1-1-GV,,device_not_recording
1770601320000,2026-02-09T01:42:00Z,1788-1-1-GV,,device_not_recording
1770601380000,2026-02-09T01:43:00Z,1788-1-1-GV,,device_not_recording
1770601440000,2026-02-09T01:44:00Z,1788-1-1-GV,,device_not_recording
1770601500000,2026-02-09T01:45:00Z,1788-1-1-GV,,device_not_recording
1770601560000,2026-02-09T01:46:00Z,1788-1-1-GV,,device_not_recording
1770601620000,2026-02-09T01:47:00Z,1788-1-1-GV,,device_not_recording
1770601680000,2026-02-09T01:48:00Z,1788-1-1-GV,,device_not_recording
1770601740000,2026-02-09T01:49:00Z,1788-1-1-GV,,device_not_recording
1770601800000,2026-02-09T01:50:00Z,1788-1-1-GV,,device_not_recording
1770601860000,2026-02-09T01:51:00Z,1788-1-1-GV,,device_not_recording
1770601920000,2026-02-09T01:52:00Z,1788-1-1-GV,,device_not_recording
1770601980000,2026-02-09T01:53:00Z,1788-1-1-GV,,device_not_recording
1770602040000,2026-02-09T01:54:00Z,1788-1-1-GV,,device_not_recording
1770602100000,2026-02-09T01:55:00Z,1788-1-1-GV,,device_not_recording
1770602160000,2026-02-09T01:56:00Z,1788-1-1-GV,,device_not_recording
1770602220000,2026-02-09T01:57:00Z,1788-1-1-GV,,device_not_recording
1770602280000,2026-02-09T01:58:00Z,1788-1-1-GV,,device_not_recording
1770602340000,2026-02-09T01:59:00Z,1788-1-1-GV,,device_not_recording
1770602400000,2026-02-09T02:00:00Z,1788-1-1-GV,,device_not_recording
1770602460000,2026-02-09T02:01:00Z,1788-1-1-GV,,device_not_recording
1770602520000,2026-02-09T02:02:00Z,1788-1-1-GV,,device_not_recording
1770602580000,2026-02-09T02:03:00Z,1788-1-1-GV,,device_not_recording
1770602640000,2026-02-09T02:04:00Z,1788-1-1-GV,,device_not_recording
1770602700000,2026-02-09T02:05:00Z,1788-1-1-GV,,device_not_recording
1770602760000,2026-02-09T02:06:00Z,1788-1-1-GV,,device_not_recording
1770602820000,2026-02-09T02:07:00Z,1788-1-1-GV,,device_not_recording
1770602880000,2026-02-09T02:08:00Z,1788-1-1-GV,,device_not_recording
1770602940000,2026-02-09T02:09:00Z,1788-1-1-GV,,device_not_recording
1770603000000,2026-02-09T02:10:00Z,1788-1-1-GV,,device_not_recording
1770603060000,2026-02-09T02:11:00Z,1788-1-1-GV,,device_not_recording
1770603120000,2026-02-09T02:12:00Z,1788-1-1-GV,,device_not_recording
1770603180000,2026-02-09T02:13:00Z,1788-1-1-GV,,device_not_recording
1770603240000,2026-02-09T02:14:00Z,1788-1-1-GV,,device_not_recording
1770603300000,2026-02-09T02:15:00Z,1788-1-1-GV,,device_not_recording
1770603360000,2026-02-09T02:16:00Z,1788-1-1-GV,,device_not_recording
1770603420000,2026-02-09T02:17:00Z,1788-1-1-GV,,device_not_recording
1770603480000,2026-02-09T02:18:00Z,1788-1-1-GV,,device_not_recording
1770603540000,2026-02-09T02:19:00Z,1788-1-1-GV,,device_not_recording
1770603600000,2026-02-09T02:20:00Z,1788-1-1-GV,,device_not_recording
1770603660000,2026-02-09T02:21:00Z,1788-1-1-GV,,device_not_recording
1770603720000,2026-02-09T02:22:00Z,1788-1-1-GV,,device_not_recording
1770603780000,2026-02-09T02:23:00Z,1788-1-1-GV,,device_not_recording
1770603840000,2026-02-09T02:24:00Z,1788-1-1-GV,,device_not_recording
1770603900000,2026-02-09T02:25:00Z,1788-1-1-GV,,device_not_recording
1770603960000,2026-02-09T02:26:00Z,1788-1-1-GV,,device_not_recording
1770604020000,2026-02-09T02:27:00Z,1788-1-1-GV,,device_not_recording
1770604080000,2026-02-09T02:28:00Z,1788-1-1-GV,,device_not_recording
1770604140000,2026-02-09T02:29:00Z,1788-1-1-GV,,device_not_recording
1770604200000,2026-02-09T02:30:00Z,1788-1-1-GV,,device_not_recording
1770604260000,2026-02-09T02:31:00Z,1788-1-1-GV,,device_not_recording
1770604320000,2026-02-09T02:32:00Z,1788-1-1-GV,,device_not_recording
1770604380000,2026-02-09T02:33:00Z,1788-1-1-GV,,device_not_recording
1770604440000,2026-02-09T02:34:00Z,1788-1-1-GV,,device_not_recording
1770604500000,2026-02-09T02:35:00Z,1788-1-1-GV,,device_not_recording
1770604560000,2026-02-09T02:36:00Z,1788-1-1-GV,,device_not_recording
1770604620000,2026-02-09T02:37:00Z,1788-1-1-GV,,device_not_recording
1770604680000,2026-02-09T02:38:00Z,1788-1-1-GV,,device_not_recording
1770604740000,2026-02-09T02:39:00Z,1788-1-1-GV,,device_not_recording
1770604800000,2026-02-09T02:40:00Z,1788-1-1-GV,,device_not_recording
1770604860000,2026-02-09T02:41:00Z,1788-1-1-GV,,device_not_recording
1770604920000,2026-02-09T02:42:00Z,1788-1-1-GV,,device_not_recording
1770604980000,2026-02-09T02:43:00Z,1788-1-1-GV,,device_not_recording
1770605040000,2026-02-09T02:44:00Z,1788-1-1-GV,,device_not_recording
1770605100000,2026-02-09T02:45:00Z,1788-1-1-GV,,device_not_recording
1770605160000,2026-02-09T02:46:00Z,1788-1-1-GV,,device_not_recording
1770605220000,2026-02-09T02:47:00Z,1788-1-1-GV,,device_not_recording
1770605280000,2026-02-09T02:48:00Z,1788-1-1-GV,,device_not_recording
1770605340000,2026-02-09T02:49:00Z,1788-1-1-GV,,device_not_recording
1770605400000,2026-02-09T02:50:00Z,1788-1-1-GV,,device_not_recording
1770605460000,2026-02-09T02:51:00Z,1788-1-1-GV,,device_not_recording
1770605520000,2026-02-09T02:52:00Z,1788-1-1-GV,,device_not_recording
1770605580000,2026-02-09T02:53:00Z,1788-1-1-GV,,device_not_recording
1770605640000,2026-02-09T02:54:00Z,1788-1-1-GV,,device_not_recording
1770605700000,2026-02-09T02:55:00Z,1788-1-1-GV,,device_not_recording
1770605760000,2026-02-09T02:56:00Z,1788-1-1-GV,,device_not_recording
1770605820000,2026-02-09T02:57:00Z,1788-1-1-GV,,device_not_recording
1770605880000,2026-02-09T02:58:00Z,1788-1-1-GV,,device_not_recording
1770605940000,2026-02-09T02:59:00Z,1788-1-1-GV,,device_not_recording
1770606000000,2026-02-09T03:00:00Z,1788-1-1-GV,,device_not_recording
1770606060000,2026-02-09T03:01:00Z,1788-1-1-GV,,device_not_recording
1770606120000,2026-02-09T03:02:00Z,1788-1-1-GV,,device_not_recording
1770606180000,2026-02-09T03:03:00Z,1788-1-1-GV,,device_not_recording
1770606240000,2026-02-09T03:04:00Z,1788-1-1-GV,,device_not_recording
1770606300000,2026-02-09T03:05:00Z,1788-1-1-GV,,device_not_recording
1770606360000,2026-02-09T03:06:00Z,1788-1-1-GV,,device_not_recording
1770606420000,2026-02-09T03:07:00Z,1788-1-1-GV,,device_not_recording
1770606480000,2026-02-09T03:08:00Z,1788-1-1-GV,,device_not_recording
1770606540000,2026-02-09T03:09:00Z,1788-1-1-GV,,device_not_recording
1770606600000,2026-02-09T03:10:00Z,1788-1-1-GV,,device_not_recording
1770606660000,2026-02-09T03:11:00Z,1788-1-1-GV,,device_not_recording
1770606720000,2026-02-09T03:12:00Z,1788-1-1-GV,,device_not_recording
1770606780000,2026-02-09T03:13:00Z,1788-1-1-GV,,device_not_recording
1770606840000,2026-02-09T03:14:00Z,1788-1-1-GV,,device_not_recording
1770606900000,2026-02-09T03:15:00Z,1788-1-1-GV,,device_not_recording
1770606960000,2026-02-09T03:16:00Z,1788-1-1-GV,,device_not_recording
1770607020000,2026-02-09T03:17:00Z,1788-1-1-GV,,device_not_recording
1770607080000,2026-02-09T03:18:00Z,1788-1-1-GV,,device_not_recording
1770607140000,2026-02-09T03:19:00Z,1788-1-1-GV,,device_not_recording
1770607200000,2026-02-09T03:20:00Z,1788-1-1-GV,,device_not_recording
1770607260000,2026-02-09T03:21:00Z,1788-1-1-GV,,device_not_recording
1770607320000,2026-02-09T03:22:00Z,1788-1-1-GV,,device_not_recording
1770607380000,2026-02-09T03:23:00Z,1788-1-1-GV,,device_not_recording
1770607440000,2026-02-09T03:24:00Z,1788-1-1-GV,,device_not_recording
1770607500000,2026-02-09T03:25:00Z,1788-1-1-GV,,device_not_recording
1770607560000,2026-02-09T03:26:00Z,1788-1-1-GV,,device_not_recording
1770607620000,2026-02-09T03:27:00Z,1788-1-1-GV,,device_not_recording
1770607680000,2026-02-09T03:28:00Z,1788-1-1-GV,,device_not_recording
1770607740000,2026-02-09T03:29:00Z,1788-1-1-GV,,device_not_recording
1770607800000,2026-02-09T03:30:00Z,1788-1-1-GV,,device_not_recording
1770607860000,2026-02-09T03:31:00Z,1788-1-1-GV,,device_not_recording
1770607920000,2026-02-09T03:32:00Z,1788-1-1-GV,,device_not_recording
1770607980000,2026-02-09T03:33:00Z,1788-1-1-GV,,device_not_recording
1770608040000,2026-02-09T03:34:00Z,1788-1-1-GV,,device_not_recording
1770608100000,2026-02-09T03:35:00Z,1788-1-1-GV,,device_not_recording
1770608160000,2026-02-09T03:36:00Z,1788-1-1-GV,,device_not_recording
1770608220000,2026-02-09T03:37:00Z,1788-1-1-GV,,device_not_recording
1770608280000,2026-02-09T03:38:00Z,1788-1-1-GV,,device_not_recording
1770608340000,2026-02-09T03:39:00Z,1788-1-1-GV,,device_not_recording
1770608400000,2026-02-09T03:40:00Z,1788-1-1-GV,,device_not_recording
1770608460000,2026-02-09T03:41:00Z,1788-1-1-GV,,device_not_recording
1770608520000,2026-02-09T03:42:00Z,1788-1-1-GV,,device_not_recording
1770608580000,2026-02-09T03:43:00Z,1788-1-1-GV,,device_not_recording
1770608640000,2026-02-09T03:44:00Z,1788-1-1-GV,,device_not_recording
1770608700000,2026-02-09T03:45:00Z,1788-1-1-GV,,device_not_recording
1770608760000,2026-02-09T03:46:00Z,1788-1-1-GV,,device_not_recording
1770608820000,2026-02-09T03:47:00Z,1788-1-1-GV,,device_not_recording
1770608880000,2026-02-09T03:48:00Z,1788-1-1-GV,,device_not_recording
1770608940000,2026-02-09T03:49:00Z,1788-1-1-GV,,device_not_recording
1770609000000,2026-02-09T03:50:00Z,1788-1-1-GV,,device_not_recording
1770609060000,2026-02-09T03:51:00Z,1788-1-1-GV,,device_not_recording
1770609120000,2026-02-09T03:52:00Z,1788-1-1-GV,,device_not_recording
1770609180000,2026-02-09T03:53:00Z,1788-1-1-GV,,device_not_recording
1770609240000,2026-02-09T03:54:00Z,1788-1-1-GV,,device_not_recording
1770609300000,2026-02-09T03:55:00Z,1788-1-1-GV,,device_not_recording
1770609360000,2026-02-09T03:56:00Z,1788-1-1-GV,,device_not_recording
1770609420000,2026-02-09T03:57:00Z,1788-1-1-GV,,device_not_recording
1770609480000,2026-02-09T03:58:00Z,1788-1-1-GV,,device_not_recording
1770609540000,2026-02-09T03:59:00Z,1788-1-1-GV,,device_not_recording
1770609600000,2026-02-09T04:00:00Z,1788-1-1-GV,,device_not_recording
1770609660000,2026-02-09T04:01:00Z,1788-1-1-GV,,device_not_recording
1770609720000,2026-02-09T04:02:00Z,1788-1-1-GV,,device_not_recording
1770609780000,2026-02-09T04:03:00Z,1788-1-1-GV,,device_not_recording
1770609840000,2026-02-09T04:04:00Z,1788-1-1-GV,,device_not_recording
1770609900000,2026-02-09T04:05:00Z,1788-1-1-GV,,device_not_recording
1770609960000,2026-02-09T04:06:00Z,1788-1-1-GV,,device_not_recording
1770610020000,2026-02-09T04:07:00Z,1788-1-1-GV,,device_not_recording
1770610080000,2026-02-09T04:08:00Z,1788-1-1-GV,,device_not_recording
1770610140000,2026-02-09T04:09:00Z,1788-1-1-GV,,device_not_recording
1770610200000,2026-02-09T04:10:00Z,1788-1-1-GV,,device_not_recording
1770610260000,2026-02-09T04:11:00Z,1788-1-1-GV,,device_not_recording
1770610320000,2026-02-09T04:12:00Z,1788-1-1-GV,,device_not_recording
1770610380000,2026-02-09T04:13:00Z,1788-1-1-GV,,device_not_recording
1770610440000,2026-02-09T04:14:00Z,1788-1-1-GV,,device_not_recording
1770610500000,2026-02-09T04:15:00Z,1788-1-1-GV,,device_not_recording
1770610560000,2026-02-09T04:16:00Z,1788-1-1-GV,,device_not_recording
1770610620000,2026-02-09T04:17:00Z,1788-1-1-GV,,device_not_recording
1770610680000,2026-02-09T04:18:00Z,1788-1-1-GV,,device_not_recording
1770610740000,2026-02-09T04:19:00Z,1788-1-1-GV,,device_not_recording
1770610800000,2026-02-09T04:20:00Z,1788-1-1-GV,,device_not_recording
1770610860000,2026-02-09T04:21:00Z,1788-1-1-GV,,device_not_recording
1770610920000,2026-02-09T04:22:00Z,1788-1-1-GV,,device_not_recording
1770610980000,2026-02-09T04:23:00Z,1788-1-1-GV,,device_not_recording
1770611040000,2026-02-09T04:24:00Z,1788-1-1-GV,,device_not_recording
1770611100000,2026-02-09T04:25:00Z,1788-1-1-GV,,device_not_recording
1770611160000,2026-02-09T04:26:00Z,1788-1-1-GV,,device_not_recording
1770611220000,2026-02-09T04:27:00Z,1788-1-1-GV,,device_not_recording
1770611280000,2026-02-09T04:28:00Z,1788-1-1-GV,,device_not_recording
1770611340000,2026-02-09T04:29:00Z,1788-1-1-GV,,device_not_recording
1770611400000,2026-02-09T04:30:00Z,1788-1-1-GV,,device_not_recording
1770611460000,2026-02-09T04:31:00Z,1788-1-1-GV,,device_not_recording
1770611520000,2026-02-09T04:32:00Z,1788-1-1-GV,,device_not_recording
1770611580000,2026-02-09T04:33:00Z,1788-1-1-GV,,device_not_recording
1770611640000,2026-02-09T04:34:00Z,1788-1-1-GV,,device_not_recording
1770611700000,2026-02-09T04:35:00Z,1788-1-1-GV,,device_not_recording
1770611760000,2026-02-09T04:36:00Z,1788-1-1-GV,,device_not_recording
1770611820000,2026-02-09T04:37:00Z,1788-1-1-GV,,device_not_recording
1770611880000,2026-02-09T04:38:00Z,1788-1-1-GV,,device_not_recording
1770611940000,2026-02-09T04:39:00Z,1788-1-1-GV,,device_not_recording
1770612000000,2026-02-09T04:40:00Z,1788-1-1-GV,,device_not_recording
1770612060000,2026-02-09T04:41:00Z,1788-1-1-GV,,device_not_recording
1770612120000,2026-02-09T04:42:00Z,1788-1-1-GV,,device_not_recording
1770612180000,2026-02-09T04:43:00Z,1788-1-1-GV,,device_not_recording
1770612240000,2026-02-09T04:44:00Z,1788-1-1-GV,,device_not_recording
1770612300000,2026-02-09T04:45:00Z,1788-1-1-GV,,device_not_recording
1770612360000,2026-02-09T04:46:00Z,1788-1-1-GV,,device_not_recording
1770612420000,2026-02-09T04:47:00Z,1788-1-1-GV,,device_not_recording
1770612480000,2026-02-09T04:48:00Z,1788-1-1-GV,,device_not_recording
1770612540000,2026-02-09T04:49:00Z,1788-1-1-GV,,device_not_recording
1770612600000,2026-02-09T04:50:00Z,1788-1-1-GV,,device_not_recording
1770612660000,2026-02-09T04:51:00Z,1788-1-1-GV,,device_not_recording
1770612720000,2026-02-09T04:52:00Z,1788-1-1-GV,,device_not_recording
1770612780000,2026-02-09T04:53:00Z,1788-1-1-GV,,device_not_recording
1770612840000,2026-02-09T04:54:00Z,1788-1-1-GV,,device_not_recording
1770612900000,2026-02-09T04:55:00Z,1788-1-1-GV,,device_not_recording
1770612960000,2026-02-09T04:56:00Z,1788-1-1-GV,,device_not_recording
1770613020000,2026-02-09T04:57:00Z,1788-1-1-GV,,device_not_recording
1770613080000,2026-02-09T04:58:00Z,1788-1-1-GV,,device_not_recording
1770613140000,2026-02-09T04:59:00Z,1788-1-1-GV,,device_not_recording
1770613200000,2026-02-09T05:00:00Z,1788-1-1-GV,,device_not_recording
1770613260000,2026-02-09T05:01:00Z,1788-1-1-GV,,device_not_recording
1770613320000,2026-02-09T05:02:00Z,1788-1-1-GV,,device_not_recording
1770613380000,2026-02-09T05:03:00Z,1788-1-1-GV,,device_not_recording
1770613440000,2026-02-09T05:04:00Z,1788-1-1-GV,,device_not_recording
1770613500000,2026-02-09T05:05:00Z,1788-1-1-GV,,device_not_recording
1770613560000,2026-02-09T05:06:00Z,1788-1-1-GV,,device_not_recording
1770613620000,2026-02-09T05:07:00Z,1788-1-1-GV,,device_not_recording
1770613680000,2026-02-09T05:08:00Z,1788-1-1-GV,,device_not_recording
1770613740000,2026-02-09T05:09:00Z,1788-1-1-GV,,device_not_recording
1770613800000,2026-02-09T05:10:00Z,1788-1-1-GV,,device_not_recording
1770613860000,2026-02-09T05:11:00Z,1788-1-1-GV,,device_not_recording
1770613920000,2026-02-09T05:12:00Z,1788-1-1-GV,,device_not_recording
1770613980000,2026-02-09T05:13:00Z,1788-1-1-GV,,device_not_recording
1770614040000,2026-02-09T05:14:00Z,1788-1-1-GV,,device_not_recording
1770614100000,2026-02-09T05:15:00Z,1788-1-1-GV,,device_not_recording
1770614160000,2026-02-09T05:16:00Z,1788-1-1-GV,,device_not_recording
1770614220000,2026-02-09T05:17:00Z,1788-1-1-GV,,device_not_recording
1770614280000,2026-02-09T05:18:00Z,1788-1-1-GV,,device_not_recording
1770614340000,2026-02-09T05:19:00Z,1788-1-1-GV,,device_not_recording
1770614400000,2026-02-09T05:20:00Z,1788-1-1-GV,,device_not_recording
1770614460000,2026-02-09T05:21:00Z,1788-1-1-GV,,device_not_recording
1770614520000,2026-02-09T05:22:00Z,1788-1-1-GV,,device_not_recording
1770614580000,2026-02-09T05:23:00Z,1788-1-1-GV,,device_not_recording
1770614640000,2026-02-09T05:24:00Z,1788-1-1-GV,,device_not_recording
1770614700000,2026-02-09T05:25:00Z,1788-1-1-GV,,device_not_recording
1770614760000,2026-02-09T05:26:00Z,1788-1-1-GV,,device_not_recording
1770614820000,2026-02-09T05:27:00Z,1788-1-1-GV,,device_not_recording
1770614880000,2026-02-09T05:28:00Z,1788-1-1-GV,,device_not_recording
1770614940000,2026-02-09T05:29:00Z,1788-1-1-GV,,device_not_recording
1770615000000,2026-02-09T05:30:00Z,1788-1-1-GV,,device_not_recording
1770615060000,2026-02-09T05:31:00Z,1788-1-1-GV,,device_not_recording
1770615120000,2026-02-09T05:32:00Z,1788-1-1-GV,,device_not_recording
1770615180000,2026-02-09T05:33:00Z,1788-1-1-GV,,device_not_recording
1770615240000,2026-02-09T05:34:00Z,1788-1-1-GV,,device_not_recording
1770615300000,2026-02-09T05:35:00Z,1788-1-1-GV,,device_not_recording
1770615360000,2026-02-09T05:36:00Z,1788-1-1-GV,,device_not_recording
1770615420000,2026-02-09T05:37:00Z,1788-1-1-GV,,device_not_recording
1770615480000,2026-02-09T05:38:00Z,1788-1-1-GV,,device_not_recording
1770615540000,2026-02-09T05:39:00Z,1788-1-1-GV,,device_not_recording
1770615600000,2026-02-09T05:40:00Z,1788-1-1-GV,,device_not_recording
1770615660000,2026-02-09T05:41:00Z,1788-1-1-GV,,device_not_recording
1770615720000,2026-02-09T05:42:00Z,1788-1-1-GV,,device_not_recording
1770615780000,2026-02-09T05:43:00Z,1788-1-1-GV,,device_not_recording
1770615840000,2026-02-09T05:44:00Z,1788-1-1-GV,,device_not_recording
1770615900000,2026-02-09T05:45:00Z,1788-1-1-GV,,device_not_recording
1770615960000,2026-02-09T05:46:00Z,1788-1-1-GV,,device_not_recording
1770616020000,2026-02-09T05:47:00Z,1788-1-1-GV,,device_not_recording
1770616080000,2026-02-09T05:48:00Z,1788-1-1-GV,,device_not_recording
1770616140000,2026-02-09T05:49:00Z,1788-1-1-GV,,device_not_recording
1770616200000,2026-02-09T05:50:00Z,1788-1-1-GV,,device_not_recording
1770616260000,2026-02-09T05:51:00Z,1788-1-1-GV,,device_not_recording
1770616320000,2026-02-09T05:52:00Z,1788-1-1-GV,,device_not_recording
1770616380000,2026-02-09T05:53:00Z,1788-1-1-GV,,device_not_recording
1770616440000,2026-02-09T05:54:00Z,1788-1-1-GV,,device_not_recording
1770616500000,2026-02-09T05:55:00Z,1788-1-1-GV,,device_not_recording
1770616560000,2026-02-09T05:56:00Z,1788-1-1-GV,,device_not_recording
1770616620000,2026-02-09T05:57:00Z,1788-1-1-GV,,device_not_recording
1770616680000,2026-02-09T05:58:00Z,1788-1-1-GV,,device_not_recording
1770616740000,2026-02-09T05:59:00Z,1788-1-1-GV,,device_not_recording
1770616800000,2026-02-09T06:00:00Z,1788-1-1-GV,,device_not_recording
1770616860000,2026-02-09T06:01:00Z,1788-1-1-GV,,device_not_recording
1770616920000,2026-02-09T06:02:00Z,1788-1-1-GV,,device_not_recording
1770616980000,2026-02-09T06:03:00Z,1788-1-1-GV,,device_not_recording
1770617040000,2026-02-09T06:04:00Z,1788-1-1-GV,,device_not_recording
1770617100000,2026-02-09T06:05:00Z,1788-1-1-GV,,device_not_recording
1770617160000,2026-02-09T06:06:00Z,1788-1-1-GV,,device_not_recording
1770617220000,2026-02-09T06:07:00Z,1788-1-1-GV,,device_not_recording
1770617280000,2026-02-09T06:08:00Z,1788-1-1-GV,,device_not_recording
1770617340000,2026-02-09T06:09:00Z,1788-1-1-GV,,device_not_recording
1770617400000,2026-02-09T06:10:00Z,1788-1-1-GV,,device_not_recording
1770617460000,2026-02-09T06:11:00Z,1788-1-1-GV,,device_not_recording
1770617520000,2026-02-09T06:12:00Z,1788-1-1-GV,,device_not_recording
1770617580000,2026-02-09T06:13:00Z,1788-1-1-GV,,device_not_recording
1770617640000,2026-02-09T06:14:00Z,1788-1-1-GV,,device_not_recording
1770617700000,2026-02-09T06:15:00Z,1788-1-1-GV,,device_not_recording
1770617760000,2026-02-09T06:16:00Z,1788-1-1-GV,,device_not_recording
1770617820000,2026-02-09T06:17:00Z,1788-1-1-GV,,device_not_recording
1770617880000,2026-02-09T06:18:00Z,1788-1-1-GV,,device_not_recording
1770617940000,2026-02-09T06:19:00Z,1788-1-1-GV,,device_not_recording
1770618000000,2026-02-09T06:20:00Z,1788-1-1-GV,,device_not_recording
1770618060000,2026-02-09T06:21:00Z,1788-1-1-GV,,device_not_recording
1770618120000,2026-02-09T06:22:00Z,1788-1-1-GV,,device_not_recording
1770618180000,2026-02-09T06:23:00Z,1788-1-1-GV,,device_not_recording
1770618240000,2026-02-09T06:24:00Z,1788-1-1-GV,,device_not_recording
1770618300000,2026-02-09T06:25:00Z,1788-1-1-GV,,device_not_recording
1770618360000,2026-02-09T06:26:00Z,1788-1-1-GV,,device_not_recording
1770618420000,2026-02-09T06:27:00Z,1788-1-1-GV,,device_not_recording
1770618480000,2026-02-09T06:28:00Z,1788-1-1-GV,,device_not_recording
1770618540000,2026-02-09T06:29:00Z,1788-1-1-GV,,device_not_recording
1770618600000,2026-02-09T06:30:00Z,1788-1-1-GV,,device_not_recording
1770618660000,2026-02-09T06:31:00Z,1788-1-1-GV,,device_not_recording
1770618720000,2026-02-09T06:32:00Z,1788-1-1-GV,,device_not_recording
1770618780000,2026-02-09T06:33:00Z,1788-1-1-GV,,device_not_recording
1770618840000,2026-02-09T06:34:00Z,1788-1-1-GV,,device_not_recording
1770618900000,2026-02-09T06:35:00Z,1788-1-1-GV,,device_not_recording
1770618960000,2026-02-09T06:36:00Z,1788-1-1-GV,,device_not_recording
1770619020000,2026-02-09T06:37:00Z,1788-1-1-GV,,device_not_recording
1770619080000,2026-02-09T06:38:00Z,1788-1-1-GV,,device_not_recording
1770619140000,2026-02-09T06:39:00Z,1788-1-1-GV,,device_not_recording
1770619200000,2026-02-09T06:40:00Z,1788-1-1-GV,,device_not_recording
1770619260000,2026-02-09T06:41:00Z,1788-1-1-GV,,device_not_recording
1770619320000,2026-02-09T06:42:00Z,1788-1-1-GV,,device_not_recording
1770619380000,2026-02-09T06:43:00Z,1788-1-1-GV,,device_not_recording
1770619440000,2026-02-09T06:44:00Z,1788-1-1-GV,,device_not_recording
1770619500000,2026-02-09T06:45:00Z,1788-1-1-GV,,device_not_recording
1770619560000,2026-02-09T06:46:00Z,1788-1-1-GV,,device_not_recording
1770619620000,2026-02-09T06:47:00Z,1788-1-1-GV,,device_not_recording
1770619680000,2026-02-09T06:48:00Z,1788-1-1-GV,,device_not_recording
1770619740000,2026-02-09T06:49:00Z,1788-1-1-GV,,device_not_recording
1770619800000,2026-02-09T06:50:00Z,1788-1-1-GV,,device_not_recording
1770619860000,2026-02-09T06:51:00Z,1788-1-1-GV,,device_not_recording
1770619920000,2026-02-09T06:52:00Z,1788-1-1-GV,,device_not_recording
1770619980000,2026-02-09T06:53:00Z,1788-1-1-GV,,device_not_recording
1770620040000,2026-02-09T06:54:00Z,1788-1-1-GV,,device_not_recording
1770620100000,2026-02-09T06:55:00Z,1788-1-1-GV,,device_not_recording
1770620160000,2026-02-09T06:56:00Z,1788-1-1-GV,,device_not_recording
1770620220000,2026-02-09T06:57:00Z,1788-1-1-GV,,device_not_recording
1770620280000,2026-02-09T06:58:00Z,1788-1-1-GV,,device_not_recording
1770620340000,2026-02-09T06:59:00Z,1788-1-1-GV,,device_not_recording
1770620400000,2026-02-09T07:00:00Z,1788-1-1-GV,,device_not_recording
1770620460000,2026-02-09T07:01:00Z,1788-1-1-GV,,device_not_recording
1770620520000,2026-02-09T07:02:00Z,1788-1-1-GV,,device_not_recording
1770620580000,2026-02-09T07:03:00Z,1788-1-1-GV,,device_not_recording
1770620640000,2026-02-09T07:04:00Z,1788-1-1-GV,,device_not_recording
1770620700000,2026-02-09T07:05:00Z,1788-1-1-GV,,device_not_recording
1770620760000,2026-02-09T07:06:00Z,1788-1-1-GV,,device_not_recording
1770620820000,2026-02-09T07:07:00Z,1788-1-1-GV,,device_not_recording
1770620880000,2026-02-09T07:08:00Z,1788-1-1-GV,,device_not_recording
1770620940000,2026-02-09T07:09:00Z,1788-1-1-GV,,device_not_recording
1770621000000,2026-02-09T07:10:00Z,1788-1-1-GV,,device_not_recording
1770621060000,2026-02-09T07:11:00Z,1788-1-1-GV,,device_not_recording
1770621120000,2026-02-09T07:12:00Z,1788-1-1-GV,,device_not_recording
1770621180000,2026-02-09T07:13:00Z,1788-1-1-GV,,device_not_recording
1770621240000,2026-02-09T07:14:00Z,1788-1-1-GV,,device_not_recording
1770621300000,2026-02-09T07:15:00Z,1788-1-1-GV,,device_not_recording
1770621360000,2026-02-09T07:16:00Z,1788-1-1-GV,,device_not_recording
1770621420000,2026-02-09T07:17:00Z,1788-1-1-GV,,device_not_recording
1770621480000,2026-02-09T07:18:00Z,1788-1-1-GV,,device_not_recording
1770621540000,2026-02-09T07:19:00Z,1788-1-1-GV,,device_not_recording
1770621600000,2026-02-09T07:20:00Z,1788-1-1-GV,,device_not_recording
1770621660000,2026-02-09T07:21:00Z,1788-1-1-GV,,device_not_recording
1770621720000,2026-02-09T07:22:00Z,1788-1-1-GV,,device_not_recording
1770621780000,2026-02-09T07:23:00Z,1788-1-1-GV,,device_not_recording
1770621840000,2026-02-09T07:24:00Z,1788-1-1-GV,,device_not_recording
1770621900000,2026-02-09T07:25:00Z,1788-1-1-GV,,device_not_recording
1770621960000,2026-02-09T07:26:00Z,1788-1-1-GV,,device_not_recording
1770622020000,2026-02-09T07:27:00Z,1788-1-1-GV,,device_not_recording
1770622080000,2026-02-09T07:28:00Z,1788-1-1-GV,,device_not_recording
1770622140000,2026-02-09T07:29:00Z,1788-1-1-GV,,device_not_recording
1770622200000,2026-02-09T07:30:00Z,1788-1-1-GV,,device_not_recording
1770622260000,2026-02-09T07:31:00Z,1788-1-1-GV,,device_not_recording
1770622320000,2026-02-09T07:32:00Z,1788-1-1-GV,,device_not_recording
1770622380000,2026-02-09T07:33:00Z,1788-1-1-GV,,device_not_recording
1770622440000,2026-02-09T07:34:00Z,1788-1-1-GV,,device_not_recording
1770622500000,2026-02-09T07:35:00Z,1788-1-1-GV,,device_not_recording
1770622560000,2026-02-09T07:36:00Z,1788-1-1-GV,,device_not_recording
1770622620000,2026-02-09T07:37:00Z,1788-1-1-GV,,device_not_recording
1770622680000,2026-02-09T07:38:00Z,1788-1-1-GV,,device_not_recording
1770622740000,2026-02-09T07:39:00Z,1788-1-1-GV,,device_not_recording
1770622800000,2026-02-09T07:40:00Z,1788-1-1-GV,,device_not_recording
1770622860000,2026-02-09T07:41:00Z,1788-1-1-GV,,device_not_recording
1770622920000,2026-02-09T07:42:00Z,1788-1-1-GV,,device_not_recording
1770622980000,2026-02-09T07:43:00Z,1788-1-1-GV,,device_not_recording
1770623040000,2026-02-09T07:44:00Z,1788-1-1-GV,,device_not_recording
1770623100000,2026-02-09T07:45:00Z,1788-1-1-GV,,device_not_recording
1770623160000,2026-02-09T07:46:00Z,1788-1-1-GV,,device_not_recording
1770623220000,2026-02-09T07:47:00Z,1788-1-1-GV,,device_not_recording
1770623280000,2026-02-09T07:48:00Z,1788-1-1-GV,,device_not_recording
1770623340000,2026-02-09T07:49:00Z,1788-1-1-GV,,device_not_recording
1770623400000,2026-02-09T07:50:00Z,1788-1-1-GV,,device_not_recording
1770623460000,2026-02-09T07:51:00Z,1788-1-1-GV,,device_not_recording
1770623520000,2026-02-09T07:52:00Z,1788-1-1-GV,,device_not_recording
1770623580000,2026-02-09T07:53:00Z,1788-1-1-GV,,device_not_recording
1770623640000,2026-02-09T07:54:00Z,1788-1-1-GV,,device_not_recording
1770623700000,2026-02-09T07:55:00Z,1788-1-1-GV,,device_not_recording
1770623760000,2026-02-09T07:56:00Z,1788-1-1-GV,,device_not_recording
1770623820000,2026-02-09T07:57:00Z,1788-1-1-GV,,device_not_recording
1770623880000,2026-02-09T07:58:00Z,1788-1-1-GV,,device_not_recording
1770623940000,2026-02-09T07:59:00Z,1788-1-1-GV,,device_not_recording
1770624000000,2026-02-09T08:00:00Z,1788-1-1-GV,,device_not_recording
1770624060000,2026-02-09T08:01:00Z,1788-1-1-GV,,device_not_recording
1770624120000,2026-02-09T08:02:00Z,1788-1-1-GV,,device_not_recording
1770624180000,2026-02-09T08:03:00Z,1788-1-1-GV,,device_not_recording
1770624240000,2026-02-09T08:04:00Z,1788-1-1-GV,,device_not_recording
1770624300000,2026-02-09T08:05:00Z,1788-1-1-GV,,device_not_recording
1770624360000,2026-02-09T08:06:00Z,1788-1-1-GV,,device_not_recording
1770624420000,2026-02-09T08:07:00Z,1788-1-1-GV,,device_not_recording
1770624480000,2026-02-09T08:08:00Z,1788-1-1-GV,,device_not_recording
1770624540000,2026-02-09T08:09:00Z,1788-1-1-GV,,device_not_recording
1770624600000,2026-02-09T08:10:00Z,1788-1-1-GV,,device_not_recording
1770624660000,2026-02-09T08:11:00Z,1788-1-1-GV,,device_not_recording
1770624720000,2026-02-09T08:12:00Z,1788-1-1-GV,,device_not_recording
1770624780000,2026-02-09T08:13:00Z,1788-1-1-GV,,device_not_recording
1770624840000,2026-02-09T08:14:00Z,1788-1-1-GV,,device_not_recording
1770624900000,2026-02-09T08:15:00Z,1788-1-1-GV,,device_not_recording
1770624960000,2026-02-09T08:16:00Z,1788-1-1-GV,,device_not_recording
1770625020000,2026-02-09T08:17:00Z,1788-1-1-GV,,device_not_recording
1770625080000,2026-02-09T08:18:00Z,1788-1-1-GV,,device_not_recording
1770625140000,2026-02-09T08:19:00Z,1788-1-1-GV,,device_not_recording
1770625200000,2026-02-09T08:20:00Z,1788-1-1-GV,,device_not_recording
1770625260000,2026-02-09T08:21:00Z,1788-1-1-GV,,device_not_recording
1770625320000,2026-02-09T08:22:00Z,1788-1-1-GV,,device_not_recording
1770625380000,2026-02-09T08:23:00Z,1788-1-1-GV,,device_not_recording
1770625440000,2026-02-09T08:24:00Z,1788-1-1-GV,,device_not_recording
1770625500000,2026-02-09T08:25:00Z,1788-1-1-GV,,device_not_recording
1770625560000,2026-02-09T08:26:00Z,1788-1-1-GV,,device_not_recording
1770625620000,2026-02-09T08:27:00Z,1788-1-1-GV,,device_not_recording
1770625680000,2026-02-09T08:28:00Z,1788-1-1-GV,,device_not_recording
1770625740000,2026-02-09T08:29:00Z,1788-1-1-GV,,device_not_recording
1770625800000,2026-02-09T08:30:00Z,1788-1-1-GV,,device_not_recording
1770625860000,2026-02-09T08:31:00Z,1788-1-1-GV,,device_not_recording
1770625920000,2026-02-09T08:32:00Z,1788-1-1-GV,,device_not_recording
1770625980000,2026-02-09T08:33:00Z,1788-1-1-GV,,device_not_recording
1770626040000,2026-02-09T08:34:00Z,1788-1-1-GV,,device_not_recording
1770626100000,2026-02-09T08:35:00Z,1788-1-1-GV,,device_not_recording
1770626160000,2026-02-09T08:36:00Z,1788-1-1-GV,,device_not_recording
1770626220000,2026-02-09T08:37:00Z,1788-1-1-GV,,device_not_recording
1770626280000,2026-02-09T08:38:00Z,1788-1-1-GV,,device_not_recording
1770626340000,2026-02-09T08:39:00Z,1788-1-1-GV,,device_not_recording
1770626400000,2026-02-09T08:40:00Z,1788-1-1-GV,,device_not_recording
1770626460000,2026-02-09T08:41:00Z,1788-1-1-GV,,device_not_recording
1770626520000,2026-02-09T08:42:00Z,1788-1-1-GV,,device_not_recording
1770626580000,2026-02-09T08:43:00Z,1788-1-1-GV,,device_not_recording
1770626640000,2026-02-09T08:44:00Z,1788-1-1-GV,,device_not_recording
1770626700000,2026-02-09T08:45:00Z,1788-1-1-GV,,device_not_recording
1770626760000,2026-02-09T08:46:00Z,1788-1-1-GV,,device_not_recording
1770626820000,2026-02-09T08:47:00Z,1788-1-1-GV,,device_not_recording
1770626880000,2026-02-09T08:48:00Z,1788-1-1-GV,,device_not_recording
1770626940000,2026-02-09T08:49:00Z,1788-1-1-GV,,device_not_recording
1770627000000,2026-02-09T08:50:00Z,1788-1-1-GV,,device_not_recording
1770627060000,2026-02-09T08:51:00Z,1788-1-1-GV,,device_not_recording
1770627120000,2026-02-09T08:52:00Z,1788-1-1-GV,,device_not_recording
1770627180000,2026-02-09T08:53:00Z,1788-1-1-GV,,device_not_recording
1770627240000,2026-02-09T08:54:00Z,1788-1-1-GV,,device_not_recording
1770627300000,2026-02-09T08:55:00Z,1788-1-1-GV,,device_not_recording
1770627360000,2026-02-09T08:56:00Z,1788-1-1-GV,,device_not_recording
1770627420000,2026-02-09T08:57:00Z,1788-1-1-GV,,device_not_recording
1770627480000,2026-02-09T08:58:00Z,1788-1-1-GV,,device_not_recording
1770627540000,2026-02-09T08:59:00Z,1788-1-1-GV,,device_not_recording
1770627600000,2026-02-09T09:00:00Z,1788-1-1-GV,,device_not_recording
1770627660000,2026-02-09T09:01:00Z,1788-1-1-GV,,device_not_recording
1770627720000,2026-02-09T09:02:00Z,1788-1-1-GV,,device_not_recording
1770627780000,2026-02-09T09:03:00Z,1788-1-1-GV,,device_not_recording
1770627840000,2026-02-09T09:04:00Z,1788-1-1-GV,,device_not_recording
1770627900000,2026-02-09T09:05:00Z,1788-1-1-GV,,device_not_recording
1770627960000,2026-02-09T09:06:00Z,1788-1-1-GV,,device_not_recording
1770628020000,2026-02-09T09:07:00Z,1788-1-1-GV,,device_not_recording
1770628080000,2026-02-09T09:08:00Z,1788-1-1-GV,,device_not_recording
1770628140000,2026-02-09T09:09:00Z,1788-1-1-GV,,device_not_recording
1770628200000,2026-02-09T09:10:00Z,1788-1-1-GV,,device_not_recording
1770628260000,2026-02-09T09:11:00Z,1788-1-1-GV,,device_not_recording
1770628320000,2026-02-09T09:12:00Z,1788-1-1-GV,,device_not_recording
1770628380000,2026-02-09T09:13:00Z,1788-1-1-GV,,device_not_recording
1770628440000,2026-02-09T09:14:00Z,1788-1-1-GV,,device_not_recording
1770628500000,2026-02-09T09:15:00Z,1788-1-1-GV,,device_not_recording
1770628560000,2026-02-09T09:16:00Z,1788-1-1-GV,,device_not_recording
1770628620000,2026-02-09T09:17:00Z,1788-1-1-GV,,device_not_recording
1770628680000,2026-02-09T09:18:00Z,1788-1-1-GV,,device_not_recording
1770628740000,2026-02-09T09:19:00Z,1788-1-1-GV,,device_not_recording
1770628800000,2026-02-09T09:20:00Z,1788-1-1-GV,,device_not_recording
1770628860000,2026-02-09T09:21:00Z,1788-1-1-GV,,device_not_recording
1770628920000,2026-02-09T09:22:00Z,1788-1-1-GV,,device_not_recording
1770628980000,2026-02-09T09:23:00Z,1788-1-1-GV,,device_not_recording
1770629040000,2026-02-09T09:24:00Z,1788-1-1-GV,,device_not_recording
1770629100000,2026-02-09T09:25:00Z,1788-1-1-GV,,device_not_recording
1770629160000,2026-02-09T09:26:00Z,1788-1-1-GV,,device_not_recording
1770629220000,2026-02-09T09:27:00Z,1788-1-1-GV,,device_not_recording
1770629280000,2026-02-09T09:28:00Z,1788-1-1-GV,,device_not_recording
1770629340000,2026-02-09T09:29:00Z,1788-1-1-GV,,device_not_recording
1770629400000,2026-02-09T09:30:00Z,1788-1-1-GV,,device_not_recording
1770629460000,2026-02-09T09:31:00Z,1788-1-1-GV,,device_not_recording
1770629520000,2026-02-09T09:32:00Z,1788-1-1-GV,,device_not_recording
1770629580000,2026-02-09T09:33:00Z,1788-1-1-GV,,device_not_recording
1770629640000,2026-02-09T09:34:00Z,1788-1-1-GV,,device_not_recording
1770629700000,2026-02-09T09:35:00Z,1788-1-1-GV,,device_not_recording
1770629760000,2026-02-09T09:36:00Z,1788-1-1-GV,,device_not_recording
1770629820000,2026-02-09T09:37:00Z,1788-1-1-GV,,device_not_recording
1770629880000,2026-02-09T09:38:00Z,1788-1-1-GV,,device_not_recording
1770629940000,2026-02-09T09:39:00Z,1788-1-1-GV,,device_not_recording
1770630000000,2026-02-09T09:40:00Z,1788-1-1-GV,,device_not_recording
1770630060000,2026-02-09T09:41:00Z,1788-1-1-GV,,device_not_recording
1770630120000,2026-02-09T09:42:00Z,1788-1-1-GV,,device_not_recording
1770630180000,2026-02-09T09:43:00Z,1788-1-1-GV,,device_not_recording
1770630240000,2026-02-09T09:44:00Z,1788-1-1-GV,,device_not_recording
1770630300000,2026-02-09T09:45:00Z,1788-1-1-GV,,device_not_recording
1770630360000,2026-02-09T09:46:00Z,1788-1-1-GV,,device_not_recording
1770630420000,2026-02-09T09:47:00Z,1788-1-1-GV,,device_not_recording
1770630480000,2026-02-09T09:48:00Z,1788-1-1-GV,,device_not_recording
1770630540000,2026-02-09T09:49:00Z,1788-1-1-GV,,device_not_recording
1770630600000,2026-02-09T09:50:00Z,1788-1-1-GV,,device_not_recording
1770630660000,2026-02-09T09:51:00Z,1788-1-1-GV,,device_not_recording
1770630720000,2026-02-09T09:52:00Z,1788-1-1-GV,,device_not_recording
1770630780000,2026-02-09T09:53:00Z,1788-1-1-GV,,device_not_recording
1770630840000,2026-02-09T09:54:00Z,1788-1-1-GV,,device_not_recording
1770630900000,2026-02-09T09:55:00Z,1788-1-1-GV,,device_not_recording
1770630960000,2026-02-09T09:56:00Z,1788-1-1-GV,,device_not_recording
1770631020000,2026-02-09T09:57:00Z,1788-1-1-GV,,device_not_recording
1770631080000,2026-02-09T09:58:00Z,1788-1-1-GV,,device_not_recording
1770631140000,2026-02-09T09:59:00Z,1788-1-1-GV,,device_not_recording
1770631200000,2026-02-09T10:00:00Z,1788-1-1-GV,,device_not_recording
1770631260000,2026-02-09T10:01:00Z,1788-1-1-GV,,device_not_recording
1770631320000,2026-02-09T10:02:00Z,1788-1-1-GV,,device_not_recording
1770631380000,2026-02-09T10:03:00Z,1788-1-1-GV,,device_not_recording
1770631440000,2026-02-09T10:04:00Z,1788-1-1-GV,,device_not_recording
1770631500000,2026-02-09T10:05:00Z,1788-1-1-GV,,device_not_recording
1770631560000,2026-02-09T10:06:00Z,1788-1-1-GV,,device_not_recording
1770631620000,2026-02-09T10:07:00Z,1788-1-1-GV,,device_not_recording
1770631680000,2026-02-09T10:08:00Z,1788-1-1-GV,,device_not_recording
1770631740000,2026-02-09T10:09:00Z,1788-1-1-GV,,device_not_recording
1770631800000,2026-02-09T10:10:00Z,1788-1-1-GV,,device_not_recording
1770631860000,2026-02-09T10:11:00Z,1788-1-1-GV,,device_not_recording
1770631920000,2026-02-09T10:12:00Z,1788-1-1-GV,,device_not_recording
1770631980000,2026-02-09T10:13:00Z,1788-1-1-GV,,device_not_recording
1770632040000,2026-02-09T10:14:00Z,1788-1-1-GV,,device_not_recording
1770632100000,2026-02-09T10:15:00Z,1788-1-1-GV,,device_not_recording
1770632160000,2026-02-09T10:16:00Z,1788-1-1-GV,,device_not_recording
1770632220000,2026-02-09T10:17:00Z,1788-1-1-GV,,device_not_recording
1770632280000,2026-02-09T10:18:00Z,1788-1-1-GV,,device_not_recording
1770632340000,2026-02-09T10:19:00Z,1788-1-1-GV,,device_not_recording
1770632400000,2026-02-09T10:20:00Z,1788-1-1-GV,,device_not_recording
1770632460000,2026-02-09T10:21:00Z,1788-1-1-GV,,device_not_recording
1770632520000,2026-02-09T10:22:00Z,1788-1-1-GV,,device_not_recording
1770632580000,2026-02-09T10:23:00Z,1788-1-1-GV,,device_not_recording
1770632640000,2026-02-09T10:24:00Z,1788-1-1-GV,,device_not_recording
1770632700000,2026-02-09T10:25:00Z,1788-1-1-GV,,device_not_recording
1770632760000,2026-02-09T10:26:00Z,1788-1-1-GV,,device_not_recording
1770632820000,2026-02-09T10:27:00Z,1788-1-1-GV,,device_not_recording
1770632880000,2026-02-09T10:28:00Z,1788-1-1-GV,,device_not_recording
1770632940000,2026-02-09T10:29:00Z,1788-1-1-GV,,device_not_recording
1770633000000,2026-02-09T10:30:00Z,1788-1-1-GV,,device_not_recording
1770633060000,2026-02-09T10:31:00Z,1788-1-1-GV,,device_not_recording
1770633120000,2026-02-09T10:32:00Z,1788-1-1-GV,,device_not_recording
1770633180000,2026-02-09T10:33:00Z,1788-1-1-GV,,device_not_recording
1770633240000,2026-02-09T10:34:00Z,1788-1-1-GV,,device_not_recording
1770633300000,2026-02-09T10:35:00Z,1788-1-1-GV,,device_not_recording
1770633360000,2026-02-09T10:36:00Z,1788-1-1-GV,,device_not_recording
1770633420000,2026-02-09T10:37:00Z,1788-1-1-GV,,device_not_recording
1770633480000,2026-02-09T10:38:00Z,1788-1-1-GV,,device_not_recording
1770633540000,2026-02-09T10:39:00Z,1788-1-1-GV,,device_not_recording
1770633600000,2026-02-09T10:40:00Z,1788-1-1-GV,,device_not_recording
1770633660000,2026-02-09T10:41:00Z,1788-1-1-GV,,device_not_recording
1770633720000,2026-02-09T10:42:00Z,1788-1-1-GV,,device_not_recording
1770633780000,2026-02-09T10:43:00Z,1788-1-1-GV,,device_not_recording
1770633840000,2026-02-09T10:44:00Z,1788-1-1-GV,,device_not_recording
1770633900000,2026-02-09T10:45:00Z,1788-1-1-GV,,device_not_recording
1770633960000,2026-02-09T10:46:00Z,1788-1-1-GV,,device_not_recording
1770634020000,2026-02-09T10:47:00Z,1788-1-1-GV,,device_not_recording
1770634080000,2026-02-09T10:48:00Z,1788-1-1-GV,,device_not_recording
1770634140000,2026-02-09T10:49:00Z,1788-1-1-GV,,device_not_recording
1770634200000,2026-02-09T10:50:00Z,1788-1-1-GV,,device_not_recording
1770634260000,2026-02-09T10:51:00Z,1788-1-1-GV,,device_not_recording
1770634320000,2026-02-09T10:52:00Z,1788-1-1-GV,,device_not_recording
1770634380000,2026-02-09T10:53:00Z,1788-1-1-GV,,device_not_recording
1770634440000,2026-02-09T10:54:00Z,1788-1-1-GV,,device_not_recording
1770634500000,2026-02-09T10:55:00Z,1788-1-1-GV,,device_not_recording
1770634560000,2026-02-09T10:56:00Z,1788-1-1-GV,0.028,
1770634620000,2026-02-09T10:57:00Z,1788-1-1-GV,0.032,
1770634680000,2026-02-09T10:58:00Z,1788-1-1-GV,0.01,
1770634740000,2026-02-09T10:59:00Z,1788-1-1-GV,0.013,
1770634800000,2026-02-09T11:00:00Z,1788-1-1-GV,0.011,
1770634860000,2026-02-09T11:01:00Z,1788-1-1-GV,0.018,
1770634920000,2026-02-09T11:02:00Z,1788-1-1-GV,0.005,
1770634980000,2026-02-09T11:03:00Z,1788-1-1-GV,0.008,
1770635040000,2026-02-09T11:04:00Z,1788-1-1-GV,0.039,
1770635100000,2026-02-09T11:05:00Z,1788-1-1-GV,0.064,
1770635160000,2026-02-09T11:06:00Z,1788-1-1-GV,0.066,
1770635220000,2026-02-09T11:07:00Z,1788-1-1-GV,0.03,
1770635280000,2026-02-09T11:08:00Z,1788-1-1-GV,0.027,
1770635340000,2026-02-09T11:09:00Z,1788-1-1-GV,0.04,
1770635400000,2026-02-09T11:10:00Z,1788-1-1-GV,0.062,
1770635460000,2026-02-09T11:11:00Z,1788-1-1-GV,0.008,
1770635520000,2026-02-09T11:12:00Z,1788-1-1-GV,0.008,
1770635580000,2026-02-09T11:13:00Z,1788-1-1-GV,0.014,
1770635640000,2026-02-09T11:14:00Z,1788-1-1-GV,0.033,
1770635700000,2026-02-09T11:15:00Z,1788-1-1-GV,0.026,
1770635760000,2026-02-09T11:16:00Z,1788-1-1-GV,0.01,
1770635820000,2026-02-09T11:17:00Z,1788-1-1-GV,0.025,
1770635880000,2026-02-09T11:18:00Z,1788-1-1-GV,0.012,
1770635940000,2026-02-09T11:19:00Z,1788-1-1-GV,0.023,
1770636000000,2026-02-09T11:20:00Z,1788-1-1-GV,0.008,
1770636060000,2026-02-09T11:21:00Z,1788-1-1-GV,0.008,
1770636120000,2026-02-09T11:22:00Z,1788-1-1-GV,0.005,
1770636180000,2026-02-09T11:23:00Z,1788-1-1-GV,0.005,
1770636240000,2026-02-09T11:24:00Z,1788-1-1-GV,0.046,
1770636300000,2026-02-09T11:25:00Z,1788-1-1-GV,0.041,
1770636360000,2026-02-09T11:26:00Z,1788-1-1-GV,0.058,
1770636420000,2026-02-09T11:27:00Z,1788-1-1-GV,0.059,
1770636480000,2026-02-09T11:28:00Z,1788-1-1-GV,0.011,
1770636540000,2026-02-09T11:29:00Z,1788-1-1-GV,0.01,
1770636600000,2026-02-09T11:30:00Z,1788-1-1-GV,0.015,
1770636660000,2026-02-09T11:31:00Z,1788-1-1-GV,0.016,
1770636720000,2026-02-09T11:32:00Z,1788-1-1-GV,0.016,
1770636780000,2026-02-09T11:33:00Z,1788-1-1-GV,0.011,
1770636840000,2026-02-09T11:34:00Z,1788-1-1-GV,0.008,
1770636900000,2026-02-09T11:35:00Z,1788-1-1-GV,0.009,
1770636960000,2026-02-09T11:36:00Z,1788-1-1-GV,0.056,
1770637020000,2026-02-09T11:37:00Z,1788-1-1-GV,0.021,
1770637080000,2026-02-09T11:38:00Z,1788-1-1-GV,,device_not_recording
1770637140000,2026-02-09T11:39:00Z,1788-1-1-GV,,device_not_recording
1770637200000,2026-02-09T11:40:00Z,1788-1-1-GV,,device_not_recording
1770637260000,2026-02-09T11:41:00Z,1788-1-1-GV,,device_not_recording
1770637320000,2026-02-09T11:42:00Z,1788-1-1-GV,,device_not_recording
1770637380000,2026-02-09T11:43:00Z,1788-1-1-GV,,device_not_recording
1770637440000,2026-02-09T11:44:00Z,1788-1-1-GV,,device_not_recording
1770637500000,2026-02-09T11:45:00Z,1788-1-1-GV,,device_not_recording
1770637560000,2026-02-09T11:46:00Z,1788-1-1-GV,,device_not_recording
1770637620000,2026-02-09T11:47:00Z,1788-1-1-GV,,device_not_recording
1770637680000,2026-02-09T11:48:00Z,1788-1-1-GV,,device_not_recording
1770637740000,2026-02-09T11:49:00Z,1788-1-1-GV,,device_not_recording
1770637800000,2026-02-09T11:50:00Z,1788-1-1-GV,,device_not_recording
1770637860000,2026-02-09T11:51:00Z,1788-1-1-GV,,device_not_recording
1770637920000,2026-02-09T11:52:00Z,1788-1-1-GV,,device_not_recording
1770637980000,2026-02-09T11:53:00Z,1788-1-1-GV,,device_not_recording
1770638040000,2026-02-09T11:54:00Z,1788-1-1-GV,,device_not_recording
1770638100000,2026-02-09T11:55:00Z,1788-1-1-GV,,device_not_recording
1770638160000,2026-02-09T11:56:00Z,1788-1-1-GV,,device_not_recording
1770638220000,2026-02-09T11:57:00Z,1788-1-1-GV,,device_not_recording
1770638280000,2026-02-09T11:58:00Z,1788-1-1-GV,,device_not_recording
1770638340000,2026-02-09T11:59:00Z,1788-1-1-GV,,device_not_recording
1770638400000,2026-02-09T12:00:00Z,1788-1-1-GV,,device_not_recording
1770638460000,2026-02-09T12:01:00Z,1788-1-1-GV,,device_not_recording
1770638520000,2026-02-09T12:02:00Z,1788-1-1-GV,,device_not_recording
1770638580000,2026-02-09T12:03:00Z,1788-1-1-GV,,device_not_recording
1770638640000,2026-02-09T12:04:00Z,1788-1-1-GV,,device_not_recording
1770638700000,2026-02-09T12:05:00Z,1788-1-1-GV,,device_not_recording
1770638760000,2026-02-09T12:06:00Z,1788-1-1-GV,,device_not_recording
1770638820000,2026-02-09T12:07:00Z,1788-1-1-GV,,device_not_recording
1770638880000,2026-02-09T12:08:00Z,1788-1-1-GV,,device_not_recording
1770638940000,2026-02-09T12:09:00Z,1788-1-1-GV,,device_not_recording
1770639000000,2026-02-09T12:10:00Z,1788-1-1-GV,,device_not_recording
1770639060000,2026-02-09T12:11:00Z,1788-1-1-GV,,device_not_recording
1770639120000,2026-02-09T12:12:00Z,1788-1-1-GV,,device_not_recording
1770639180000,2026-02-09T12:13:00Z,1788-1-1-GV,,device_not_recording
1770639240000,2026-02-09T12:14:00Z,1788-1-1-GV,,device_not_recording
1770639300000,2026-02-09T12:15:00Z,1788-1-1-GV,,device_not_recording
1770639360000,2026-02-09T12:16:00Z,1788-1-1-GV,,device_not_recording
1770639420000,2026-02-09T12:17:00Z,1788-1-1-GV,,device_not_recording
1770639480000,2026-02-09T12:18:00Z,1788-1-1-GV,,device_not_recording
1770639540000,2026-02-09T12:19:00Z,1788-1-1-GV,,device_not_recording
1770639600000,2026-02-09T12:20:00Z,1788-1-1-GV,,device_not_recording
1770639660000,2026-02-09T12:21:00Z,1788-1-1-GV,,device_not_recording
1770639720000,2026-02-09T12:22:00Z,1788-1-1-GV,,device_not_recording
1770639780000,2026-02-09T12:23:00Z,1788-1-1-GV,,device_not_recording
1770639840000,2026-02-09T12:24:00Z,1788-1-1-GV,,device_not_recording
1770639900000,2026-02-09T12:25:00Z,1788-1-1-GV,,device_not_recording
1770639960000,2026-02-09T12:26:00Z,1788-1-1-GV,,device_not_recording
1770640020000,2026-02-09T12:27:00Z,1788-1-1-GV,,device_not_recording
1770640080000,2026-02-09T12:28:00Z,1788-1-1-GV,,device_not_recording
1770640140000,2026-02-09T12:29:00Z,1788-1-1-GV,,device_not_recording
1770640200000,2026-02-09T12:30:00Z,1788-1-1-GV,,device_not_recording
1770640260000,2026-02-09T12:31:00Z,1788-1-1-GV,,device_not_recording
1770640320000,2026-02-09T12:32:00Z,1788-1-1-GV,,device_not_recording
1770640380000,2026-02-09T12:33:00Z,1788-1-1-GV,,device_not_recording
1770640440000,2026-02-09T12:34:00Z,1788-1-1-GV,,device_not_recording
1770640500000,2026-02-09T12:35:00Z,1788-1-1-GV,,device_not_recording
1770640560000,2026-02-09T12:36:00Z,1788-1-1-GV,,device_not_recording
1770640620000,2026-02-09T12:37:00Z,1788-1-1-GV,,device_not_recording
1770640680000,2026-02-09T12:38:00Z,1788-1-1-GV,,device_not_recording
1770640740000,2026-02-09T12:39:00Z,1788-1-1-GV,,device_not_recording
1770640800000,2026-02-09T12:40:00Z,1788-1-1-GV,,device_not_recording
1770640860000,2026-02-09T12:41:00Z,1788-1-1-GV,,device_not_recording
1770640920000,2026-02-09T12:42:00Z,1788-1-1-GV,,device_not_recording
1770640980000,2026-02-09T12:43:00Z,1788-1-1-GV,,device_not_recording
1770641040000,2026-02-09T12:44:00Z,1788-1-1-GV,,device_not_recording
1770641100000,2026-02-09T12:45:00Z,1788-1-1-GV,,device_not_recording
1770641160000,2026-02-09T12:46:00Z,1788-1-1-GV,,device_not_recording
1770641220000,2026-02-09T12:47:00Z,1788-1-1-GV,,device_not_recording
1770641280000,2026-02-09T12:48:00Z,1788-1-1-GV,,device_not_recording
1770641340000,2026-02-09T12:49:00Z,1788-1-1-GV,,device_not_recording
1770641400000,2026-02-09T12:50:00Z,1788-1-1-GV,,device_not_recording
1770641460000,2026-02-09T12:51:00Z,1788-1-1-GV,,device_not_recording
1770641520000,2026-02-09T12:52:00Z,1788-1-1-GV,,device_not_recording
1770641580000,2026-02-09T12:53:00Z,1788-1-1-GV,,device_not_recording
1770641640000,2026-02-09T12:54:00Z,1788-1-1-GV,,device_not_recording
1770641700000,2026-02-09T12:55:00Z,1788-1-1-GV,,device_not_recording
1770641760000,2026-02-09T12:56:00Z,1788-1-1-GV,,device_not_recording
1770641820000,2026-02-09T12:57:00Z,1788-1-1-GV,,device_not_recording
1770641880000,2026-02-09T12:58:00Z,1788-1-1-GV,,device_not_recording
1770641940000,2026-02-09T12:59:00Z,1788-1-1-GV,,device_not_recording
1770642000000,2026-02-09T13:00:00Z,1788-1-1-GV,,device_not_recording
1770642060000,2026-02-09T13:01:00Z,1788-1-1-GV,,device_not_recording
1770642120000,2026-02-09T13:02:00Z,1788-1-1-GV,,device_not_recording
1770642180000,2026-02-09T13:03:00Z,1788-1-1-GV,,device_not_recording
1770642240000,2026-02-09T13:04:00Z,1788-1-1-GV,,device_not_recording
1770642300000,2026-02-09T13:05:00Z,1788-1-1-GV,,device_not_recording
1770642360000,2026-02-09T13:06:00Z,1788-1-1-GV,,device_not_recording
1770642420000,2026-02-09T13:07:00Z,1788-1-1-GV,,device_not_recording
1770642480000,2026-02-09T13:08:00Z,1788-1-1-GV,,device_not_recording
1770642540000,2026-02-09T13:09:00Z,1788-1-1-GV,,device_not_recording
1770642600000,2026-02-09T13:10:00Z,1788-1-1-GV,,device_not_recording
1770642660000,2026-02-09T13:11:00Z,1788-1-1-GV,,device_not_recording
1770642720000,2026-02-09T13:12:00Z,1788-1-1-GV,,device_not_recording
1770642780000,2026-02-09T13:13:00Z,1788-1-1-GV,,device_not_recording
1770642840000,2026-02-09T13:14:00Z,1788-1-1-GV,,device_not_recording
1770642900000,2026-02-09T13:15:00Z,1788-1-1-GV,,device_not_recording
1770642960000,2026-02-09T13:16:00Z,1788-1-1-GV,,device_not_recording
1770643020000,2026-02-09T13:17:00Z,1788-1-1-GV,,device_not_recording
1770643080000,2026-02-09T13:18:00Z,1788-1-1-GV,,device_not_recording
1770643140000,2026-02-09T13:19:00Z,1788-1-1-GV,,device_not_recording
1770643200000,2026-02-09T13:20:00Z,1788-1-1-GV,,device_not_recording
1770643260000,2026-02-09T13:21:00Z,1788-1-1-GV,,device_not_recording
1770643320000,2026-02-09T13:22:00Z,1788-1-1-GV,,device_not_recording
1770643380000,2026-02-09T13:23:00Z,1788-1-1-GV,,device_not_recording
1770643440000,2026-02-09T13:24:00Z,1788-1-1-GV,,device_not_recording
1770643500000,2026-02-09T13:25:00Z,1788-1-1-GV,,device_not_recording
1770643560000,2026-02-09T13:26:00Z,1788-1-1-GV,,device_not_recording
1770643620000,2026-02-09T13:27:00Z,1788-1-1-GV,,device_not_recording
1770643680000,2026-02-09T13:28:00Z,1788-1-1-GV,,device_not_recording
1770643740000,2026-02-09T13:29:00Z,1788-1-1-GV,,device_not_recording
1770643800000,2026-02-09T13:30:00Z,1788-1-1-GV,,device_not_recording
1770643860000,2026-02-09T13:31:00Z,1788-1-1-GV,,device_not_recording
1770643920000,2026-02-09T13:32:00Z,1788-1-1-GV,,device_not_recording
1770643980000,2026-02-09T13:33:00Z,1788-1-1-GV,,device_not_recording
1770644040000,2026-02-09T13:34:00Z,1788-1-1-GV,,device_not_recording
1770644100000,2026-02-09T13:35:00Z,1788-1-1-GV,,device_not_recording
1770644160000,2026-02-09T13:36:00Z,1788-1-1-GV,,device_not_recording
1770644220000,2026-02-09T13:37:00Z,1788-1-1-GV,,device_not_recording
1770644280000,2026-02-09T13:38:00Z,1788-1-1-GV,,device_not_recording
1770644340000,2026-02-09T13:39:00Z,1788-1-1-GV,,device_not_recording
1770644400000,2026-02-09T13:40:00Z,1788-1-1-GV,,device_not_recording
1770644460000,2026-02-09T13:41:00Z,1788-1-1-GV,,device_not_recording
1770644520000,2026-02-09T13:42:00Z,1788-1-1-GV,,device_not_recording
1770644580000,2026-02-09T13:43:00Z,1788-1-1-GV,,device_not_recording
1770644640000,2026-02-09T13:44:00Z,1788-1-1-GV,,device_not_recording
1770644700000,2026-02-09T13:45:00Z,1788-1-1-GV,,device_not_recording
1770644760000,2026-02-09T13:46:00Z,1788-1-1-GV,,device_not_recording
1770644820000,2026-02-09T13:47:00Z,1788-1-1-GV,,device_not_recording
1770644880000,2026-02-09T13:48:00Z,1788-1-1-GV,,device_not_recording
1770644940000,2026-02-09T13:49:00Z,1788-1-1-GV,,device_not_recording
1770645000000,2026-02-09T13:50:00Z,1788-1-1-GV,,device_not_recording
1770645060000,2026-02-09T13:51:00Z,1788-1-1-GV,,device_not_recording
1770645120000,2026-02-09T13:52:00Z,1788-1-1-GV,,device_not_recording
1770645180000,2026-02-09T13:53:00Z,1788-1-1-GV,,device_not_recording
1770645240000,2026-02-09T13:54:00Z,1788-1-1-GV,,device_not_recording
1770645300000,2026-02-09T13:55:00Z,1788-1-1-GV,,device_not_recording
1770645360000,2026-02-09T13:56:00Z,1788-1-1-GV,,device_not_recording
1770645420000,2026-02-09T13:57:00Z,1788-1-1-GV,,device_not_recording
1770645480000,2026-02-09T13:58:00Z,1788-1-1-GV,,device_not_recording
1770645540000,2026-02-09T13:59:00Z,1788-1-1-GV,,device_not_recording
1770645600000,2026-02-09T14:00:00Z,1788-1-1-GV,,device_not_recording
1770645660000,2026-02-09T14:01:00Z,1788-1-1-GV,,device_not_recording
1770645720000,2026-02-09T14:02:00Z,1788-1-1-GV,,device_not_recording
1770645780000,2026-02-09T14:03:00Z,1788-1-1-GV,,device_not_recording
1770645840000,2026-02-09T14:04:00Z,1788-1-1-GV,,device_not_recording
1770645900000,2026-02-09T14:05:00Z,1788-1-1-GV,,device_not_recording
1770645960000,2026-02-09T14:06:00Z,1788-1-1-GV,,device_not_recording
1770646020000,2026-02-09T14:07:00Z,1788-1-1-GV,,device_not_recording
1770646080000,2026-02-09T14:08:00Z,1788-1-1-GV,,device_not_recording
1770646140000,2026-02-09T14:09:00Z,1788-1-1-GV,,device_not_recording
1770646200000,2026-02-09T14:10:00Z,1788-1-1-GV,,device_not_recording
1770646260000,2026-02-09T14:11:00Z,1788-1-1-GV,,device_not_recording
1770646320000,2026-02-09T14:12:00Z,1788-1-1-GV,,device_not_recording
1770646380000,2026-02-09T14:13:00Z,1788-1-1-GV,,device_not_recording
1770646440000,2026-02-09T14:14:00Z,1788-1-1-GV,,device_not_recording
1770646500000,2026-02-09T14:15:00Z,1788-1-1-GV,,device_not_recording
1770646560000,2026-02-09T14:16:00Z,1788-1-1-GV,,device_not_recording
1770646620000,2026-02-09T14:17:00Z,1788-1-1-GV,,device_not_recording
1770646680000,2026-02-09T14:18:00Z,1788-1-1-GV,,device_not_recording
1770646740000,2026-02-09T14:19:00Z,1788-1-1-GV,,device_not_recording
1770646800000,2026-02-09T14:20:00Z,1788-1-1-GV,,device_not_recording
1770646860000,2026-02-09T14:21:00Z,1788-1-1-GV,,device_not_recording
1770646920000,2026-02-09T14:22:00Z,1788-1-1-GV,,device_not_recording
1770646980000,2026-02-09T14:23:00Z,1788-1-1-GV,,device_not_recording
1770647040000,2026-02-09T14:24:00Z,1788-1-1-GV,,device_not_recording
1770647100000,2026-02-09T14:25:00Z,1788-1-1-GV,,device_not_recording
1770647160000,2026-02-09T14:26:00Z,1788-1-1-GV,,device_not_recording
1770647220000,2026-02-09T14:27:00Z,1788-1-1-GV,,device_not_recording
1770647280000,2026-02-09T14:28:00Z,1788-1-1-GV,,device_not_recording
1770647340000,2026-02-09T14:29:00Z,1788-1-1-GV,,device_not_recording
1770647400000,2026-02-09T14:30:00Z,1788-1-1-GV,,device_not_recording
1770647460000,2026-02-09T14:31:00Z,1788-1-1-GV,,device_not_recording
1770647520000,2026-02-09T14:32:00Z,1788-1-1-GV,,device_not_recording
1770647580000,2026-02-09T14:33:00Z,1788-1-1-GV,,device_not_recording
1770647640000,2026-02-09T14:34:00Z,1788-1-1-GV,,device_not_recording
1770647700000,2026-02-09T14:35:00Z,1788-1-1-GV,,device_not_recording
1770647760000,2026-02-09T14:36:00Z,1788-1-1-GV,,device_not_recording
1770647820000,2026-02-09T14:37:00Z,1788-1-1-GV,,device_not_recording
1770647880000,2026-02-09T14:38:00Z,1788-1-1-GV,,device_not_recording
1770647940000,2026-02-09T14:39:00Z,1788-1-1-GV,,device_not_recording
1770648000000,2026-02-09T14:40:00Z,1788-1-1-GV,,device_not_recording
1770648060000,2026-02-09T14:41:00Z,1788-1-1-GV,,device_not_recording
1770648120000,2026-02-09T14:42:00Z,1788-1-1-GV,,device_not_recording
1770648180000,2026-02-09T14:43:00Z,1788-1-1-GV,,device_not_recording
1770648240000,2026-02-09T14:44:00Z,1788-1-1-GV,,device_not_recording
1770648300000,2026-02-09T14:45:00Z,1788-1-1-GV,,device_not_recording
1770648360000,2026-02-09T14:46:00Z,1788-1-1-GV,,device_not_recording
1770648420000,2026-02-09T14:47:00Z,1788-1-1-GV,,device_not_recording
1770648480000,2026-02-09T14:48:00Z,1788-1-1-GV,,device_not_recording
1770648540000,2026-02-09T14:49:00Z,1788-1-1-GV,,device_not_recording
1770648600000,2026-02-09T14:50:00Z,1788-1-1-GV,,device_not_recording
1770648660000,2026-02-09T14:51:00Z,1788-1-1-GV,,device_not_recording
1770648720000,2026-02-09T14:52:00Z,1788-1-1-GV,,device_not_recording
1770648780000,2026-02-09T14:53:00Z,1788-1-1-GV,,device_not_recording
1770648840000,2026-02-09T14:54:00Z,1788-1-1-GV,,device_not_recording
1770648900000,2026-02-09T14:55:00Z,1788-1-1-GV,,device_not_recording
1770648960000,2026-02-09T14:56:00Z,1788-1-1-GV,,device_not_recording
1770649020000,2026-02-09T14:57:00Z,1788-1-1-GV,,device_not_recording
1770649080000,2026-02-09T14:58:00Z,1788-1-1-GV,,device_not_recording
1770649140000,2026-02-09T14:59:00Z,1788-1-1-GV,,device_not_recording
1770649200000,2026-02-09T15:00:00Z,1788-1-1-GV,,device_not_recording
1770649260000,2026-02-09T15:01:00Z,1788-1-1-GV,,device_not_recording
1770649320000,2026-02-09T15:02:00Z,1788-1-1-GV,,device_not_recording
1770649380000,2026-02-09T15:03:00Z,1788-1-1-GV,,device_not_recording
1770649440000,2026-02-09T15:04:00Z,1788-1-1-GV,,device_not_recording
1770649500000,2026-02-09T15:05:00Z,1788-1-1-GV,,device_not_recording
1770649560000,2026-02-09T15:06:00Z,1788-1-1-GV,,device_not_recording
1770649620000,2026-02-09T15:07:00Z,1788-1-1-GV,,device_not_recording
1770649680000,2026-02-09T15:08:00Z,1788-1-1-GV,,device_not_recording
1770649740000,2026-02-09T15:09:00Z,1788-1-1-GV,,device_not_recording
1770649800000,2026-02-09T15:10:00Z,1788-1-1-GV,,device_not_recording
1770649860000,2026-02-09T15:11:00Z,1788-1-1-GV,,device_not_recording
1770649920000,2026-02-09T15:12:00Z,1788-1-1-GV,,device_not_recording
1770649980000,2026-02-09T15:13:00Z,1788-1-1-GV,,device_not_recording
1770650040000,2026-02-09T15:14:00Z,1788-1-1-GV,,device_not_recording
1770650100000,2026-02-09T15:15:00Z,1788-1-1-GV,,device_not_recording
1770650160000,2026-02-09T15:16:00Z,1788-1-1-GV,,device_not_recording
1770650220000,2026-02-09T15:17:00Z,1788-1-1-GV,,device_not_recording
1770650280000,2026-02-09T15:18:00Z,1788-1-1-GV,,device_not_recording
1770650340000,2026-02-09T15:19:00Z,1788-1-1-GV,,device_not_recording
1770650400000,2026-02-09T15:20:00Z,1788-1-1-GV,,device_not_recording
1770650460000,2026-02-09T15:21:00Z,1788-1-1-GV,,device_not_recording
1770650520000,2026-02-09T15:22:00Z,1788-1-1-GV,,device_not_recording
1770650580000,2026-02-09T15:23:00Z,1788-1-1-GV,,device_not_recording
1770650640000,2026-02-09T15:24:00Z,1788-1-1-GV,,device_not_recording
1770650700000,2026-02-09T15:25:00Z,1788-1-1-GV,,device_not_recording
1770650760000,2026-02-09T15:26:00Z,1788-1-1-GV,,device_not_recording
1770650820000,2026-02-09T15:27:00Z,1788-1-1-GV,,device_not_recording
1770650880000,2026-02-09T15:28:00Z,1788-1-1-GV,,device_not_recording
1770650940000,2026-02-09T15:29:00Z,1788-1-1-GV,,device_not_recording
1770651000000,2026-02-09T15:30:00Z,1788-1-1-GV,,device_not_recording
1770651060000,2026-02-09T15:31:00Z,1788-1-1-GV,,device_not_recording
1770651120000,2026-02-09T15:32:00Z,1788-1-1-GV,,device_not_recording
1770651180000,2026-02-09T15:33:00Z,1788-1-1-GV,,device_not_recording
1770651240000,2026-02-09T15:34:00Z,1788-1-1-GV,,device_not_recording
1770651300000,2026-02-09T15:35:00Z,1788-1-1-GV,,device_not_recording
1770651360000,2026-02-09T15:36:00Z,1788-1-1-GV,,device_not_recording
1770651420000,2026-02-09T15:37:00Z,1788-1-1-GV,,device_not_recording
1770651480000,2026-02-09T15:38:00Z,1788-1-1-GV,,device_not_recording
1770651540000,2026-02-09T15:39:00Z,1788-1-1-GV,,device_not_recording
1770651600000,2026-02-09T15:40:00Z,1788-1-1-GV,,device_not_recording
1770651660000,2026-02-09T15:41:00Z,1788-1-1-GV,,device_not_recording
1770651720000,2026-02-09T15:42:00Z,1788-1-1-GV,,device_not_recording
1770651780000,2026-02-09T15:43:00Z,1788-1-1-GV,,device_not_recording
1770651840000,2026-02-09T15:44:00Z,1788-1-1-GV,,device_not_recording
1770651900000,2026-02-09T15:45:00Z,1788-1-1-GV,,device_not_recording
1770651960000,2026-02-09T15:46:00Z,1788-1-1-GV,,device_not_recording
1770652020000,2026-02-09T15:47:00Z,1788-1-1-GV,,device_not_recording
1770652080000,2026-02-09T15:48:00Z,1788-1-1-GV,,device_not_recording
1770652140000,2026-02-09T15:49:00Z,1788-1-1-GV,,device_not_recording
1770652200000,2026-02-09T15:50:00Z,1788-1-1-GV,,device_not_recording
1770652260000,2026-02-09T15:51:00Z,1788-1-1-GV,,device_not_recording
1770652320000,2026-02-09T15:52:00Z,1788-1-1-GV,,device_not_recording
1770652380000,2026-02-09T15:53:00Z,1788-1-1-GV,,device_not_recording
1770652440000,2026-02-09T15:54:00Z,1788-1-1-GV,,device_not_recording
1770652500000,2026-02-09T15:55:00Z,1788-1-1-GV,,device_not_recording
1770652560000,2026-02-09T15:56:00Z,1788-1-1-GV,,device_not_recording
1770652620000,2026-02-09T15:57:00Z,1788-1-1-GV,,device_not_recording
1770652680000,2026-02-09T15:58:00Z,1788-1-1-GV,,device_not_recording
1770652740000,2026-02-09T15:59:00Z,1788-1-1-GV,,device_not_recording
1770652800000,2026-02-09T16:00:00Z,1788-1-1-GV,,device_not_recording
1770652860000,2026-02-09T16:01:00Z,1788-1-1-GV,,device_not_recording
1770652920000,2026-02-09T16:02:00Z,1788-1-1-GV,,device_not_recording
1770652980000,2026-02-09T16:03:00Z,1788-1-1-GV,,device_not_recording
1770653040000,2026-02-09T16:04:00Z,1788-1-1-GV,,device_not_recording
1770653100000,2026-02-09T16:05:00Z,1788-1-1-GV,,device_not_recording
1770653160000,2026-02-09T16:06:00Z,1788-1-1-GV,,device_not_recording
1770653220000,2026-02-09T16:07:00Z,1788-1-1-GV,,device_not_recording
1770653280000,2026-02-09T16:08:00Z,1788-1-1-GV,,device_not_recording
1770653340000,2026-02-09T16:09:00Z,1788-1-1-GV,,device_not_recording
1770653400000,2026-02-09T16:10:00Z,1788-1-1-GV,,device_not_recording
1770653460000,2026-02-09T16:11:00Z,1788-1-1-GV,,device_not_recording
1770653520000,2026-02-09T16:12:00Z,1788-1-1-GV,,device_not_recording
1770653580000,2026-02-09T16:13:00Z,1788-1-1-GV,,device_not_recording
1770653640000,2026-02-09T16:14:00Z,1788-1-1-GV,,device_not_recording
1770653700000,2026-02-09T16:15:00Z,1788-1-1-GV,,device_not_recording
1770653760000,2026-02-09T16:16:00Z,1788-1-1-GV,,device_not_recording
1770653820000,2026-02-09T16:17:00Z,1788-1-1-GV,,device_not_recording
1770653880000,2026-02-09T16:18:00Z,1788-1-1-GV,,device_not_recording
1770653940000,2026-02-09T16:19:00Z,1788-1-1-GV,,device_not_recording
1770654000000,2026-02-09T16:20:00Z,1788-1-1-GV,,device_not_recording
1770654060000,2026-02-09T16:21:00Z,1788-1-1-GV,,device_not_recording
1770654120000,2026-02-09T16:22:00Z,1788-1-1-GV,,device_not_recording
1770654180000,2026-02-09T16:23:00Z,1788-1-1-GV,,device_not_recording
1770654240000,2026-02-09T16:24:00Z,1788-1-1-GV,,device_not_recording
1770654300000,2026-02-09T16:25:00Z,1788-1-1-GV,,device_not_recording
1770654360000,2026-02-09T16:26:00Z,1788-1-1-GV,,device_not_recording
1770654420000,2026-02-09T16:27:00Z,1788-1-1-GV,,device_not_recording
1770654480000,2026-02-09T16:28:00Z,1788-1-1-GV,,device_not_recording
1770654540000,2026-02-09T16:29:00Z,1788-1-1-GV,,device_not_recording
1770654600000,2026-02-09T16:30:00Z,1788-1-1-GV,,device_not_recording
1770654660000,2026-02-09T16:31:00Z,1788-1-1-GV,,device_not_recording
1770654720000,2026-02-09T16:32:00Z,1788-1-1-GV,,device_not_recording
1770654780000,2026-02-09T16:33:00Z,1788-1-1-GV,,device_not_recording
1770654840000,2026-02-09T16:34:00Z,1788-1-1-GV,,device_not_recording
1770654900000,2026-02-09T16:35:00Z,1788-1-1-GV,,device_not_recording
1770654960000,2026-02-09T16:36:00Z,1788-1-1-GV,,device_not_recording
1770655020000,2026-02-09T16:37:00Z,1788-1-1-GV,,device_not_recording
1770655080000,2026-02-09T16:38:00Z,1788-1-1-GV,,device_not_recording
1770655140000,2026-02-09T16:39:00Z,1788-1-1-GV,,device_not_recording
1770655200000,2026-02-09T16:40:00Z,1788-1-1-GV,,device_not_recording
1770655260000,2026-02-09T16:41:00Z,1788-1-1-GV,,device_not_recording
1770655320000,2026-02-09T16:42:00Z,1788-1-1-GV,,device_not_recording
1770655380000,2026-02-09T16:43:00Z,1788-1-1-GV,,device_not_recording
1770655440000,2026-02-09T16:44:00Z,1788-1-1-GV,,device_not_recording
1770655500000,2026-02-09T16:45:00Z,1788-1-1-GV,,device_not_recording
1770655560000,2026-02-09T16:46:00Z,1788-1-1-GV,,device_not_recording
1770655620000,2026-02-09T16:47:00Z,1788-1-1-GV,,device_not_recording
1770655680000,2026-02-09T16:48:00Z,1788-1-1-GV,,device_not_recording
1770655740000,2026-02-09T16:49:00Z,1788-1-1-GV,,device_not_recording
1770655800000,2026-02-09T16:50:00Z,1788-1-1-GV,,device_not_recording
1770655860000,2026-02-09T16:51:00Z,1788-1-1-GV,,device_not_recording
1770655920000,2026-02-09T16:52:00Z,1788-1-1-GV,,device_not_recording
1770655980000,2026-02-09T16:53:00Z,1788-1-1-GV,,device_not_recording
1770656040000,2026-02-09T16:54:00Z,1788-1-1-GV,,device_not_recording
1770656100000,2026-02-09T16:55:00Z,1788-1-1-GV,,device_not_recording
1770656160000,2026-02-09T16:56:00Z,1788-1-1-GV,,device_not_recording
1770656220000,2026-02-09T16:57:00Z,1788-1-1-GV,,device_not_recording
1770656280000,2026-02-09T16:58:00Z,1788-1-1-GV,,device_not_recording
1770656340000,2026-02-09T16:59:00Z,1788-1-1-GV,,device_not_recording
1770656400000,2026-02-09T17:00:00Z,1788-1-1-GV,,device_not_recording
1770656460000,2026-02-09T17:01:00Z,1788-1-1-GV,,device_not_recording
1770656520000,2026-02-09T17:02:00Z,1788-1-1-GV,,device_not_recording
1770656580000,2026-02-09T17:03:00Z,1788-1-1-GV,,device_not_recording
1770656640000,2026-02-09T17:04:00Z,1788-1-1-GV,,device_not_recording
1770656700000,2026-02-09T17:05:00Z,1788-1-1-GV,,device_not_recording
1770656760000,2026-02-09T17:06:00Z,1788-1-1-GV,,device_not_recording
1770656820000,2026-02-09T17:07:00Z,1788-1-1-GV,,device_not_recording
1770656880000,2026-02-09T17:08:00Z,1788-1-1-GV,,device_not_recording
1770656940000,2026-02-09T17:09:00Z,1788-1-1-GV,,device_not_recording
1770657000000,2026-02-09T17:10:00Z,1788-1-1-GV,,device_not_recording
1770657060000,2026-02-09T17:11:00Z,1788-1-1-GV,,device_not_recording
1770657120000,2026-02-09T17:12:00Z,1788-1-1-GV,,device_not_recording
1770657180000,2026-02-09T17:13:00Z,1788-1-1-GV,,device_not_recording
1770657240000,2026-02-09T17:14:00Z,1788-1-1-GV,,device_not_recording
1770657300000,2026-02-09T17:15:00Z,1788-1-1-GV,,device_not_recording
1770657360000,2026-02-09T17:16:00Z,1788-1-1-GV,,device_not_recording
1770657420000,2026-02-09T17:17:00Z,1788-1-1-GV,,device_not_recording
1770657480000,2026-02-09T17:18:00Z,1788-1-1-GV,,device_not_recording
1770657540000,2026-02-09T17:19:00Z,1788-1-1-GV,,device_not_recording
1770657600000,2026-02-09T17:20:00Z,1788-1-1-GV,,device_not_recording
1770657660000,2026-02-09T17:21:00Z,1788-1-1-GV,,device_not_recording
1770657720000,2026-02-09T17:22:00Z,1788-1-1-GV,,device_not_recording
1770657780000,2026-02-09T17:23:00Z,1788-1-1-GV,,device_not_recording
1770657840000,2026-02-09T17:24:00Z,1788-1-1-GV,,device_not_recording
1770657900000,2026-02-09T17:25:00Z,1788-1-1-GV,,device_not_recording
1770657960000,2026-02-09T17:26:00Z,1788-1-1-GV,,device_not_recording
1770658020000,2026-02-09T17:27:00Z,1788-1-1-GV,,device_not_recording
1770658080000,2026-02-09T17:28:00Z,1788-1-1-GV,,device_not_recording
1770658140000,2026-02-09T17:29:00Z,1788-1-1-GV,,device_not_recording
1770658200000,2026-02-09T17:30:00Z,1788-1-1-GV,,device_not_recording
1770658260000,2026-02-09T17:31:00Z,1788-1-1-GV,,device_not_recording
1770658320000,2026-02-09T17:32:00Z,1788-1-1-GV,,device_not_recording
1770658380000,2026-02-09T17:33:00Z,1788-1-1-GV,,device_not_recording
1770658440000,2026-02-09T17:34:00Z,1788-1-1-GV,,device_not_recording
1770658500000,2026-02-09T17:35:00Z,1788-1-1-GV,,device_not_recording
1770658560000,2026-02-09T17:36:00Z,1788-1-1-GV,,device_not_recording
1770658620000,2026-02-09T17:37:00Z,1788-1-1-GV,,device_not_recording
1770658680000,2026-02-09T17:38:00Z,1788-1-1-GV,,device_not_recording
1770658740000,2026-02-09T17:39:00Z,1788-1-1-GV,,device_not_recording
1770658800000,2026-02-09T17:40:00Z,1788-1-1-GV,,device_not_recording
1770658860000,2026-02-09T17:41:00Z,1788-1-1-GV,,device_not_recording
1770658920000,2026-02-09T17:42:00Z,1788-1-1-GV,,device_not_recording
1770658980000,2026-02-09T17:43:00Z,1788-1-1-GV,,device_not_recording
1770659040000,2026-02-09T17:44:00Z,1788-1-1-GV,,device_not_recording
1770659100000,2026-02-09T17:45:00Z,1788-1-1-GV,,device_not_recording
1770659160000,2026-02-09T17:46:00Z,1788-1-1-GV,,device_not_recording
1770659220000,2026-02-09T17:47:00Z,1788-1-1-GV,,device_not_recording
1770659280000,2026-02-09T17:48:00Z,1788-1-1-GV,,device_not_recording
1770659340000,2026-02-09T17:49:00Z,1788-1-1-GV,,device_not_recording
1770659400000,2026-02-09T17:50:00Z,1788-1-1-GV,,device_not_recording
1770659460000,2026-02-09T17:51:00Z,1788-1-1-GV,,device_not_recording
1770659520000,2026-02-09T17:52:00Z,1788-1-1-GV,,device_not_recording
1770659580000,2026-02-09T17:53:00Z,1788-1-1-GV,,device_not_recording
1770659640000,2026-02-09T17:54:00Z,1788-1-1-GV,,device_not_recording
1770659700000,2026-02-09T17:55:00Z,1788-1-1-GV,,device_not_recording
1770659760000,2026-02-09T17:56:00Z,1788-1-1-GV,,device_not_recording
1770659820000,2026-02-09T17:57:00Z,1788-1-1-GV,,device_not_recording
1770659880000,2026-02-09T17:58:00Z,1788-1-1-GV,,device_not_recording
1770659940000,2026-02-09T17:59:00Z,1788-1-1-GV,,device_not_recording
1770660000000,2026-02-09T18:00:00Z,1788-1-1-GV,,device_not_recording
1770660060000,2026-02-09T18:01:00Z,1788-1-1-GV,,device_not_recording
1770660120000,2026-02-09T18:02:00Z,1788-1-1-GV,,device_not_recording
1770660180000,2026-02-09T18:03:00Z,1788-1-1-GV,,device_not_recording
1770660240000,2026-02-09T18:04:00Z,1788-1-1-GV,,device_not_recording
1770660300000,2026-02-09T18:05:00Z,1788-1-1-GV,,device_not_recording
1770660360000,2026-02-09T18:06:00Z,1788-1-1-GV,,device_not_recording
1770660420000,2026-02-09T18:07:00Z,1788-1-1-GV,,device_not_recording
1770660480000,2026-02-09T18:08:00Z,1788-1-1-GV,,device_not_recording
1770660540000,2026-02-09T18:09:00Z,1788-1-1-GV,,device_not_recording
1770660600000,2026-02-09T18:10:00Z,1788-1-1-GV,,device_not_recording
1770660660000,2026-02-09T18:11:00Z,1788-1-1-GV,,device_not_recording
1770660720000,2026-02-09T18:12:00Z,1788-1-1-GV,,device_not_recording
1770660780000,2026-02-09T18:13:00Z,1788-1-1-GV,,device_not_recording
1770660840000,2026-02-09T18:14:00Z,1788-1-1-GV,,device_not_recording
1770660900000,2026-02-09T18:15:00Z,1788-1-1-GV,,device_not_recording
1770660960000,2026-02-09T18:16:00Z,1788-1-1-GV,,device_not_recording
1770661020000,2026-02-09T18:17:00Z,1788-1-1-GV,,device_not_recording
1770661080000,2026-02-09T18:18:00Z,1788-1-1-GV,,device_not_recording
1770661140000,2026-02-09T18:19:00Z,1788-1-1-GV,,device_not_recording
1770661200000,2026-02-09T18:20:00Z,1788-1-1-GV,,device_not_recording
1770661260000,2026-02-09T18:21:00Z,1788-1-1-GV,,device_not_recording
1770661320000,2026-02-09T18:22:00Z,1788-1-1-GV,,device_not_recording
1770661380000,2026-02-09T18:23:00Z,1788-1-1-GV,,device_not_recording
1770661440000,2026-02-09T18:24:00Z,1788-1-1-GV,,device_not_recording
1770661500000,2026-02-09T18:25:00Z,1788-1-1-GV,,device_not_recording
1770661560000,2026-02-09T18:26:00Z,1788-1-1-GV,,device_not_recording
1770661620000,2026-02-09T18:27:00Z,1788-1-1-GV,,device_not_recording
1770661680000,2026-02-09T18:28:00Z,1788-1-1-GV,,device_not_recording
1770661740000,2026-02-09T18:29:00Z,1788-1-1-GV,,device_not_recording
1770661800000,2026-02-09T18:30:00Z,1788-1-1-GV,,device_not_recording
1770661860000,2026-02-09T18:31:00Z,1788-1-1-GV,,device_not_recording
1770661920000,2026-02-09T18:32:00Z,1788-1-1-GV,,device_not_recording
1770661980000,2026-02-09T18:33:00Z,1788-1-1-GV,,device_not_recording
1770662040000,2026-02-09T18:34:00Z,1788-1-1-GV,,device_not_recording
1770662100000,2026-02-09T18:35:00Z,1788-1-1-GV,,device_not_recording
1770662160000,2026-02-09T18:36:00Z,1788-1-1-GV,,device_not_recording
1770662220000,2026-02-09T18:37:00Z,1788-1-1-GV,,device_not_recording
1770662280000,2026-02-09T18:38:00Z,1788-1-1-GV,,device_not_recording
1770662340000,2026-02-09T18:39:00Z,1788-1-1-GV,,device_not_recording
1770662400000,2026-02-09T18:40:00Z,1788-1-1-GV,,device_not_recording
1770662460000,2026-02-09T18:41:00Z,1788-1-1-GV,,device_not_recording
1770662520000,2026-02-09T18:42:00Z,1788-1-1-GV,,device_not_recording
1770662580000,2026-02-09T18:43:00Z,1788-1-1-GV,,device_not_recording
1770662640000,2026-02-09T18:44:00Z,1788-1-1-GV,,device_not_recording
1770662700000,2026-02-09T18:45:00Z,1788-1-1-GV,,device_not_recording
1770662760000,2026-02-09T18:46:00Z,1788-1-1-GV,,device_not_recording
1770662820000,2026-02-09T18:47:00Z,1788-1-1-GV,,device_not_recording
1770662880000,2026-02-09T18:48:00Z,1788-1-1-GV,,device_not_recording
1770662940000,2026-02-09T18:49:00Z,1788-1-1-GV,,device_not_recording
1770663000000,2026-02-09T18:50:00Z,1788-1-1-GV,,device_not_recording
1770663060000,2026-02-09T18:51:00Z,1788-1-1-GV,,device_not_recording
1770663120000,2026-02-09T18:52:00Z,1788-1-1-GV,,device_not_recording
1770663180000,2026-02-09T18:53:00Z,1788-1-1-GV,,device_not_recording
1770663240000,2026-02-09T18:54:00Z,1788-1-1-GV,,device_not_recording
1770663300000,2026-02-09T18:55:00Z,1788-1-1-GV,,device_not_recording
1770663360000,2026-02-09T18:56:00Z,1788-1-1-GV,,device_not_recording
1770663420000,2026-02-09T18:57:00Z,1788-1-1-GV,,device_not_recording
1770663480000,2026-02-09T18:58:00Z,1788-1-1-GV,,device_not_recording
1770663540000,2026-02-09T18:59:00Z,1788-1-1-GV,,device_not_recording
1770663600000,2026-02-09T19:00:00Z,1788-1-1-GV,,device_not_recording
1770663660000,2026-02-09T19:01:00Z,1788-1-1-GV,,device_not_recording
1770663720000,2026-02-09T19:02:00Z,1788-1-1-GV,,device_not_recording
1770663780000,2026-02-09T19:03:00Z,1788-1-1-GV,,device_not_recording
1770663840000,2026-02-09T19:04:00Z,1788-1-1-GV,,device_not_recording
1770663900000,2026-02-09T19:05:00Z,1788-1-1-GV,,device_not_recording
1770663960000,2026-02-09T19:06:00Z,1788-1-1-GV,,device_not_recording
1770664020000,2026-02-09T19:07:00Z,1788-1-1-GV,,device_not_recording
1770664080000,2026-02-09T19:08:00Z,1788-1-1-GV,,device_not_recording
1770664140000,2026-02-09T19:09:00Z,1788-1-1-GV,,device_not_recording
1770664200000,2026-02-09T19:10:00Z,1788-1-1-GV,,device_not_recording
1770664260000,2026-02-09T19:11:00Z,1788-1-1-GV,,device_not_recording
1770664320000,2026-02-09T19:12:00Z,1788-1-1-GV,,device_not_recording
1770664380000,2026-02-09T19:13:00Z,1788-1-1-GV,,device_not_recording
1770664440000,2026-02-09T19:14:00Z,1788-1-1-GV,,device_not_recording
1770664500000,2026-02-09T19:15:00Z,1788-1-1-GV,,device_not_recording
1770664560000,2026-02-09T19:16:00Z,1788-1-1-GV,,device_not_recording
1770664620000,2026-02-09T19:17:00Z,1788-1-1-GV,,device_not_recording
1770664680000,2026-02-09T19:18:00Z,1788-1-1-GV,,device_not_recording
1770664740000,2026-02-09T19:19:00Z,1788-1-1-GV,,device_not_recording
1770664800000,2026-02-09T19:20:00Z,1788-1-1-GV,,device_not_recording
1770664860000,2026-02-09T19:21:00Z,1788-1-1-GV,,device_not_recording
1770664920000,2026-02-09T19:22:00Z,1788-1-1-GV,,device_not_recording
1770664980000,2026-02-09T19:23:00Z,1788-1-1-GV,,device_not_recording
1770665040000,2026-02-09T19:24:00Z,1788-1-1-GV,,device_not_recording
1770665100000,2026-02-09T19:25:00Z,1788-1-1-GV,,device_not_recording
1770665160000,2026-02-09T19:26:00Z,1788-1-1-GV,,device_not_recording
1770665220000,2026-02-09T19:27:00Z,1788-1-1-GV,,device_not_recording
1770665280000,2026-02-09T19:28:00Z,1788-1-1-GV,,device_not_recording
1770665340000,2026-02-09T19:29:00Z,1788-1-1-GV,,device_not_recording
1770665400000,2026-02-09T19:30:00Z,1788-1-1-GV,,device_not_recording
1770665460000,2026-02-09T19:31:00Z,1788-1-1-GV,,device_not_recording
1770665520000,2026-02-09T19:32:00Z,1788-1-1-GV,,device_not_recording
1770665580000,2026-02-09T19:33:00Z,1788-1-1-GV,,device_not_recording
1770665640000,2026-02-09T19:34:00Z,1788-1-1-GV,,device_not_recording
1770665700000,2026-02-09T19:35:00Z,1788-1-1-GV,,device_not_recording
1770665760000,2026-02-09T19:36:00Z,1788-1-1-GV,,device_not_recording
1770665820000,2026-02-09T19:37:00Z,1788-1-1-GV,,device_not_recording
1770665880000,2026-02-09T19:38:00Z,1788-1-1-GV,,device_not_recording
1770665940000,2026-02-09T19:39:00Z,1788-1-1-GV,,device_not_recording
1770666000000,2026-02-09T19:40:00Z,1788-1-1-GV,,device_not_recording
1770666060000,2026-02-09T19:41:00Z,1788-1-1-GV,,device_not_recording
1770666120000,2026-02-09T19:42:00Z,1788-1-1-GV,,device_not_recording
1770666180000,2026-02-09T19:43:00Z,1788-1-1-GV,,device_not_recording
1770666240000,2026-02-09T19:44:00Z,1788-1-1-GV,,device_not_recording
1770666300000,2026-02-09T19:45:00Z,1788-1-1-GV,,device_not_recording
1770666360000,2026-02-09T19:46:00Z,1788-1-1-GV,,device_not_recording
1770666420000,2026-02-09T19:47:00Z,1788-1-1-GV,,device_not_recording
1770666480000,2026-02-09T19:48:00Z,1788-1-1-GV,,device_not_recording
1770666540000,2026-02-09T19:49:00Z,1788-1-1-GV,,device_not_recording
1770666600000,2026-02-09T19:50:00Z,1788-1-1-GV,,device_not_recording
1770666660000,2026-02-09T19:51:00Z,1788-1-1-GV,,device_not_recording
1770666720000,2026-02-09T19:52:00Z,1788-1-1-GV,,device_not_recording
1770666780000,2026-02-09T19:53:00Z,1788-1-1-GV,,device_not_recording
1770666840000,2026-02-09T19:54:00Z,1788-1-1-GV,,device_not_recording
1770666900000,2026-02-09T19:55:00Z,1788-1-1-GV,,device_not_recording
1770666960000,2026-02-09T19:56:00Z,1788-1-1-GV,,device_not_recording
1770667020000,2026-02-09T19:57:00Z,1788-1-1-GV,,device_not_recording
1770667080000,2026-02-09T19:58:00Z,1788-1-1-GV,,device_not_recording
1770667140000,2026-02-09T19:59:00Z,1788-1-1-GV,,device_not_recording
1770667200000,2026-02-09T20:00:00Z,1788-1-1-GV,,device_not_recording
1770667260000,2026-02-09T20:01:00Z,1788-1-1-GV,,device_not_recording
1770667320000,2026-02-09T20:02:00Z,1788-1-1-GV,,device_not_recording
1770667380000,2026-02-09T20:03:00Z,1788-1-1-GV,,device_not_recording
1770667440000,2026-02-09T20:04:00Z,1788-1-1-GV,,device_not_recording
1770667500000,2026-02-09T20:05:00Z,1788-1-1-GV,,device_not_recording
1770667560000,2026-02-09T20:06:00Z,1788-1-1-GV,,device_not_recording
1770667620000,2026-02-09T20:07:00Z,1788-1-1-GV,,device_not_recording
1770667680000,2026-02-09T20:08:00Z,1788-1-1-GV,,device_not_recording
1770667740000,2026-02-09T20:09:00Z,1788-1-1-GV,,device_not_recording
1770667800000,2026-02-09T20:10:00Z,1788-1-1-GV,,device_not_recording
1770667860000,2026-02-09T20:11:00Z,1788-1-1-GV,,device_not_recording
1770667920000,2026-02-09T20:12:00Z,1788-1-1-GV,,device_not_recording
1770667980000,2026-02-09T20:13:00Z,1788-1-1-GV,,device_not_recording
1770668040000,2026-02-09T20:14:00Z,1788-1-1-GV,,device_not_recording
1770668100000,2026-02-09T20:15:00Z,1788-1-1-GV,,device_not_recording
1770668160000,2026-02-09T20:16:00Z,1788-1-1-GV,,device_not_recording
1770668220000,2026-02-09T20:17:00Z,1788-1-1-GV,,device_not_recording
1770668280000,2026-02-09T20:18:00Z,1788-1-1-GV,,device_not_recording
1770668340000,2026-02-09T20:19:00Z,1788-1-1-GV,,device_not_recording
1770668400000,2026-02-09T20:20:00Z,1788-1-1-GV,,device_not_recording
1770668460000,2026-02-09T20:21:00Z,1788-1-1-GV,,device_not_recording
1770668520000,2026-02-09T20:22:00Z,1788-1-1-GV,,device_not_recording
1770668580000,2026-02-09T20:23:00Z,1788-1-1-GV,,device_not_recording
1770668640000,2026-02-09T20:24:00Z,1788-1-1-GV,,device_not_recording
1770668700000,2026-02-09T20:25:00Z,1788-1-1-GV,,device_not_recording
1770668760000,2026-02-09T20:26:00Z,1788-1-1-GV,,device_not_recording
1770668820000,2026-02-09T20:27:00Z,1788-1-1-GV,,device_not_recording
1770668880000,2026-02-09T20:28:00Z,1788-1-1-GV,,device_not_recording
1770668940000,2026-02-09T20:29:00Z,1788-1-1-GV,,device_not_recording
1770669000000,2026-02-09T20:30:00Z,1788-1-1-GV,,device_not_recording
1770669060000,2026-02-09T20:31:00Z,1788-1-1-GV,,device_not_recording
1770669120000,2026-02-09T20:32:00Z,1788-1-1-GV,,device_not_recording
1770669180000,2026-02-09T20:33:00Z,1788-1-1-GV,,device_not_recording
1770669240000,2026-02-09T20:34:00Z,1788-1-1-GV,,device_not_recording
1770669300000,2026-02-09T20:35:00Z,1788-1-1-GV,,device_not_recording
1770669360000,2026-02-09T20:36:00Z,1788-1-1-GV,,device_not_recording
1770669420000,2026-02-09T20:37:00Z,1788-1-1-GV,,device_not_recording
1770669480000,2026-02-09T20:38:00Z,1788-1-1-GV,,device_not_recording
1770669540000,2026-02-09T20:39:00Z,1788-1-1-GV,,device_not_recording
1770669600000,2026-02-09T20:40:00Z,1788-1-1-GV,,device_not_recording
1770669660000,2026-02-09T20:41:00Z,1788-1-1-GV,,device_not_recording
1770669720000,2026-02-09T20:42:00Z,1788-1-1-GV,,device_not_recording
1770669780000,2026-02-09T20:43:00Z,1788-1-1-GV,,device_not_recording
1770669840000,2026-02-09T20:44:00Z,1788-1-1-GV,,device_not_recording
1770669900000,2026-02-09T20:45:00Z,1788-1-1-GV,,device_not_recording
1770669960000,2026-02-09T20:46:00Z,1788-1-1-GV,,device_not_recording
1770670020000,2026-02-09T20:47:00Z,1788-1-1-GV,,device_not_recording
1770670080000,2026-02-09T20:48:00Z,1788-1-1-GV,,device_not_recording
1770670140000,2026-02-09T20:49:00Z,1788-1-1-GV,,device_not_recording
1770670200000,2026-02-09T20:50:00Z,1788-1-1-GV,,device_not_recording
1770670260000,2026-02-09T20:51:00Z,1788-1-1-GV,,device_not_recording
1770670320000,2026-02-09T20:52:00Z,1788-1-1-GV,,device_not_recording
1770670380000,2026-02-09T20:53:00Z,1788-1-1-GV,,device_not_recording
1770670440000,2026-02-09T20:54:00Z,1788-1-1-GV,,device_not_recording
1770670500000,2026-02-09T20:55:00Z,1788-1-1-GV,,device_not_recording
1770670560000,2026-02-09T20:56:00Z,1788-1-1-GV,,device_not_recording
1770670620000,2026-02-09T20:57:00Z,1788-1-1-GV,,device_not_recording
1770670680000,2026-02-09T20:58:00Z,1788-1-1-GV,,device_not_recording
1770670740000,2026-02-09T20:59:00Z,1788-1-1-GV,,device_not_recording
1770670800000,2026-02-09T21:00:00Z,1788-1-1-GV,,device_not_recording
1770670860000,2026-02-09T21:01:00Z,1788-1-1-GV,,device_not_recording
1770670920000,2026-02-09T21:02:00Z,1788-1-1-GV,,device_not_recording
1770670980000,2026-02-09T21:03:00Z,1788-1-1-GV,,device_not_recording
1770671040000,2026-02-09T21:04:00Z,1788-1-1-GV,,device_not_recording
1770671100000,2026-02-09T21:05:00Z,1788-1-1-GV,,device_not_recording
1770671160000,2026-02-09T21:06:00Z,1788-1-1-GV,,device_not_recording
1770671220000,2026-02-09T21:07:00Z,1788-1-1-GV,,device_not_recording
1770671280000,2026-02-09T21:08:00Z,1788-1-1-GV,,device_not_recording
1770671340000,2026-02-09T21:09:00Z,1788-1-1-GV,,device_not_recording
1770671400000,2026-02-09T21:10:00Z,1788-1-1-GV,,device_not_recording
1770671460000,2026-02-09T21:11:00Z,1788-1-1-GV,,device_not_recording
1770671520000,2026-02-09T21:12:00Z,1788-1-1-GV,,device_not_recording
1770671580000,2026-02-09T21:13:00Z,1788-1-1-GV,,device_not_recording
1770671640000,2026-02-09T21:14:00Z,1788-1-1-GV,,device_not_recording
1770671700000,2026-02-09T21:15:00Z,1788-1-1-GV,,device_not_recording
1770671760000,2026-02-09T21:16:00Z,1788-1-1-GV,,device_not_recording
1770671820000,2026-02-09T21:17:00Z,1788-1-1-GV,,device_not_recording
1770671880000,2026-02-09T21:18:00Z,1788-1-1-GV,,device_not_recording
1770671940000,2026-02-09T21:19:00Z,1788-1-1-GV,,device_not_recording
1770672000000,2026-02-09T21:20:00Z,1788-1-1-GV,,device_not_recording
1770672060000,2026-02-09T21:21:00Z,1788-1-1-GV,,device_not_recording
1770672120000,2026-02-09T21:22:00Z,1788-1-1-GV,,device_not_recording
1770672180000,2026-02-09T21:23:00Z,1788-1-1-GV,,device_not_recording
1770672240000,2026-02-09T21:24:00Z,1788-1-1-GV,,device_not_recording
1770672300000,2026-02-09T21:25:00Z,1788-1-1-GV,,device_not_recording
1770672360000,2026-02-09T21:26:00Z,1788-1-1-GV,,device_not_recording
1770672420000,2026-02-09T21:27:00Z,1788-1-1-GV,,device_not_recording
1770672480000,2026-02-09T21:28:00Z,1788-1-1-GV,,device_not_recording
1770672540000,2026-02-09T21:29:00Z,1788-1-1-GV,,device_not_recording
1770672600000,2026-02-09T21:30:00Z,1788-1-1-GV,,device_not_recording
1770672660000,2026-02-09T21:31:00Z,1788-1-1-GV,,device_not_recording
1770672720000,2026-02-09T21:32:00Z,1788-1-1-GV,,device_not_recording
1770672780000,2026-02-09T21:33:00Z,1788-1-1-GV,,device_not_recording
1770672840000,2026-02-09T21:34:00Z,1788-1-1-GV,,device_not_recording
1770672900000,2026-02-09T21:35:00Z,1788-1-1-GV,,device_not_recording
1770672960000,2026-02-09T21:36:00Z,1788-1-1-GV,,device_not_recording
1770673020000,2026-02-09T21:37:00Z,1788-1-1-GV,,device_not_recording
1770673080000,2026-02-09T21:38:00Z,1788-1-1-GV,,device_not_recording
1770673140000,2026-02-09T21:39:00Z,1788-1-1-GV,,device_not_recording
1770673200000,2026-02-09T21:40:00Z,1788-1-1-GV,,device_not_recording
1770673260000,2026-02-09T21:41:00Z,1788-1-1-GV,,device_not_recording
1770673320000,2026-02-09T21:42:00Z,1788-1-1-GV,,device_not_recording
1770673380000,2026-02-09T21:43:00Z,1788-1-1-GV,,device_not_recording
1770673440000,2026-02-09T21:44:00Z,1788-1-1-GV,,device_not_recording
1770673500000,2026-02-09T21:45:00Z,1788-1-1-GV,,device_not_recording
1770673560000,2026-02-09T21:46:00Z,1788-1-1-GV,,device_not_recording
1770673620000,2026-02-09T21:47:00Z,1788-1-1-GV,,device_not_recording
1770673680000,2026-02-09T21:48:00Z,1788-1-1-GV,,device_not_recording
1770673740000,2026-02-09T21:49:00Z,1788-1-1-GV,,device_not_recording
1770673800000,2026-02-09T21:50:00Z,1788-1-1-GV,,device_not_recording
1770673860000,2026-02-09T21:51:00Z,1788-1-1-GV,,device_not_recording
1770673920000,2026-02-09T21:52:00Z,1788-1-1-GV,,device_not_recording
1770673980000,2026-02-09T21:53:00Z,1788-1-1-GV,,device_not_recording
1770674040000,2026-02-09T21:54:00Z,1788-1-1-GV,,device_not_recording
1770674100000,2026-02-09T21:55:00Z,1788-1-1-GV,,device_not_recording
1770674160000,2026-02-09T21:56:00Z,1788-1-1-GV,,device_not_recording
1770674220000,2026-02-09T21:57:00Z,1788-1-1-GV,,device_not_recording
1770674280000,2026-02-09T21:58:00Z,1788-1-1-GV,,device_not_recording
1770674340000,2026-02-09T21:59:00Z,1788-1-1-GV,,device_not_recording
1770674400000,2026-02-09T22:00:00Z,1788-1-1-GV,,device_not_recording
1770674460000,2026-02-09T22:01:00Z,1788-1-1-GV,,device_not_recording
1770674520000,2026-02-09T22:02:00Z,1788-1-1-GV,,device_not_recording
1770674580000,2026-02-09T22:03:00Z,1788-1-1-GV,,device_not_recording
1770674640000,2026-02-09T22:04:00Z,1788-1-1-GV,,device_not_recording
1770674700000,2026-02-09T22:05:00Z,1788-1-1-GV,,device_not_recording
1770674760000,2026-02-09T22:06:00Z,1788-1-1-GV,,device_not_recording
1770674820000,2026-02-09T22:07:00Z,1788-1-1-GV,,device_not_recording
1770674880000,2026-02-09T22:08:00Z,1788-1-1-GV,,device_not_recording
1770674940000,2026-02-09T22:09:00Z,1788-1-1-GV,,device_not_recording
1770675000000,2026-02-09T22:10:00Z,1788-1-1-GV,,device_not_recording
1770675060000,2026-02-09T22:11:00Z,1788-1-1-GV,,device_not_recording
1770675120000,2026-02-09T22:12:00Z,1788-1-1-GV,,device_not_recording
1770675180000,2026-02-09T22:13:00Z,1788-1-1-GV,,device_not_recording
1770675240000,2026-02-09T22:14:00Z,1788-1-1-GV,,device_not_recording
1770675300000,2026-02-09T22:15:00Z,1788-1-1-GV,,device_not_recording
1770675360000,2026-02-09T22:16:00Z,1788-1-1-GV,,device_not_recording
1770675420000,2026-02-09T22:17:00Z,1788-1-1-GV,,device_not_recording
1770675480000,2026-02-09T22:18:00Z,1788-1-1-GV,,device_not_recording
1770675540000,2026-02-09T22:19:00Z,1788-1-1-GV,,device_not_recording
1770675600000,2026-02-09T22:20:00Z,1788-1-1-GV,,device_not_recording
1770675660000,2026-02-09T22:21:00Z,1788-1-1-GV,,device_not_recording
1770675720000,2026-02-09T22:22:00Z,1788-1-1-GV,,device_not_recording
1770675780000,2026-02-09T22:23:00Z,1788-1-1-GV,,device_not_recording
1770675840000,2026-02-09T22:24:00Z,1788-1-1-GV,,device_not_recording
1770675900000,2026-02-09T22:25:00Z,1788-1-1-GV,,device_not_recording
1770675960000,2026-02-09T22:26:00Z,1788-1-1-GV,,device_not_recording
1770676020000,2026-02-09T22:27:00Z,1788-1-1-GV,,device_not_recording
1770676080000,2026-02-09T22:28:00Z,1788-1-1-GV,,device_not_recording
1770676140000,2026-02-09T22:29:00Z,1788-1-1-GV,,device_not_recording
1770676200000,2026-02-09T22:30:00Z,1788-1-1-GV,,device_not_recording
1770676260000,2026-02-09T22:31:00Z,1788-1-1-GV,,device_not_recording
1770676320000,2026-02-09T22:32:00Z,1788-1-1-GV,,device_not_recording
1770676380000,2026-02-09T22:33:00Z,1788-1-1-GV,,device_not_recording
1770676440000,2026-02-09T22:34:00Z,1788-1-1-GV,,device_not_recording
1770676500000,2026-02-09T22:35:00Z,1788-1-1-GV,,device_not_recording
1770676560000,2026-02-09T22:36:00Z,1788-1-1-GV,,device_not_recording
1770676620000,2026-02-09T22:37:00Z,1788-1-1-GV,,device_not_recording
1770676680000,2026-02-09T22:38:00Z,1788-1-1-GV,,device_not_recording
1770676740000,2026-02-09T22:39:00Z,1788-1-1-GV,,device_not_recording
1770676800000,2026-02-09T22:40:00Z,1788-1-1-GV,,device_not_recording
1770676860000,2026-02-09T22:41:00Z,1788-1-1-GV,,device_not_recording
1770676920000,2026-02-09T22:42:00Z,1788-1-1-GV,,device_not_recording
1770676980000,2026-02-09T22:43:00Z,1788-1-1-GV,,device_not_recording
1770677040000,2026-02-09T22:44:00Z,1788-1-1-GV,,device_not_recording
1770677100000,2026-02-09T22:45:00Z,1788-1-1-GV,,device_not_recording
1770677160000,2026-02-09T22:46:00Z,1788-1-1-GV,,device_not_recording
1770677220000,2026-02-09T22:47:00Z,1788-1-1-GV,,device_not_recording
1770677280000,2026-02-09T22:48:00Z,1788-1-1-GV,,device_not_recording
1770677340000,2026-02-09T22:49:00Z,1788-1-1-GV,,device_not_recording
1770677400000,2026-02-09T22:50:00Z,1788-1-1-GV,,device_not_recording
1770677460000,2026-02-09T22:51:00Z,1788-1-1-GV,,device_not_recording
1770677520000,2026-02-09T22:52:00Z,1788-1-1-GV,,device_not_recording
1770677580000,2026-02-09T22:53:00Z,1788-1-1-GV,,device_not_recording
1770677640000,2026-02-09T22:54:00Z,1788-1-1-GV,,device_not_recording
1770677700000,2026-02-09T22:55:00Z,1788-1-1-GV,,device_not_recording
1770677760000,2026-02-09T22:56:00Z,1788-1-1-GV,,device_not_recording
1770677820000,2026-02-09T22:57:00Z,1788-1-1-GV,,device_not_recording
1770677880000,2026-02-09T22:58:00Z,1788-1-1-GV,,device_not_recording
1770677940000,2026-02-09T22:59:00Z,1788-1-1-GV,,device_not_recording
1770678000000,2026-02-09T23:00:00Z,1788-1-1-GV,,device_not_recording
1770678060000,2026-02-09T23:01:00Z,1788-1-1-GV,,device_not_recording
1770678120000,2026-02-09T23:02:00Z,1788-1-1-GV,,device_not_recording
1770678180000,2026-02-09T23:03:00Z,1788-1-1-GV,,device_not_recording
1770678240000,2026-02-09T23:04:00Z,1788-1-1-GV,,device_not_recording
1770678300000,2026-02-09T23:05:00Z,1788-1-1-GV,,device_not_recording
1770678360000,2026-02-09T23:06:00Z,1788-1-1-GV,,device_not_recording
1770678420000,2026-02-09T23:07:00Z,1788-1-1-GV,,device_not_recording
1770678480000,2026-02-09T23:08:00Z,1788-1-1-GV,,device_not_recording
1770678540000,2026-02-09T23:09:00Z,1788-1-1-GV,,device_not_recording
1770678600000,2026-02-09T23:10:00Z,1788-1-1-GV,,device_not_recording
1770678660000,2026-02-09T23:11:00Z,1788-1-1-GV,,device_not_recording
1770678720000,2026-02-09T23:12:00Z,1788-1-1-GV,,device_not_recording
1770678780000,2026-02-09T23:13:00Z,1788-1-1-GV,,device_not_recording
1770678840000,2026-02-09T23:14:00Z,1788-1-1-GV,,device_not_recording
1770678900000,2026-02-09T23:15:00Z,1788-1-1-GV,,device_not_recording
1770678960000,2026-02-09T23:16:00Z,1788-1-1-GV,,device_not_recording
1770679020000,2026-02-09T23:17:00Z,1788-1-1-GV,,device_not_recording
1770679080000,2026-02-09T23:18:00Z,1788-1-1-GV,,device_not_recording
1770679140000,2026-02-09T23:19:00Z,1788-1-1-GV,,device_not_recording
1770679200000,2026-02-09T23:20:00Z,1788-1-1-GV,,device_not_recording
1770679260000,2026-02-09T23:21:00Z,1788-1-1-GV,,device_not_recording
1770679320000,2026-02-09T23:22:00Z,1788-1-1-GV,,device_not_recording
1770679380000,2026-02-09T23:23:00Z,1788-1-1-GV,,device_not_recording
1770679440000,2026-02-09T23:24:00Z,1788-1-1-GV,,device_not_recording
1770679500000,2026-02-09T23:25:00Z,1788-1-1-GV,,device_not_recording
1770679560000,2026-02-09T23:26:00Z,1788-1-1-GV,,device_not_recording
1770679620000,2026-02-09T23:27:00Z,1788-1-1-GV,,device_not_recording
1770679680000,2026-02-09T23:28:00Z,1788-1-1-GV,,device_not_recording
1770679740000,2026-02-09T23:29:00Z,1788-1-1-GV,,device_not_recording
1770679800000,2026-02-09T23:30:00Z,1788-1-1-GV,,device_not_recording
1770679860000,2026-02-09T23:31:00Z,1788-1-1-GV,,device_not_recording
1770679920000,2026-02-09T23:32:00Z,1788-1-1-GV,,device_not_recording
1770679980000,2026-02-09T23:33:00Z,1788-1-1-GV,,device_not_recording
1770680040000,2026-02-09T23:34:00Z,1788-1-1-GV,,device_not_recording
1770680100000,2026-02-09T23:35:00Z,1788-1-1-GV,,device_not_recording
1770680160000,2026-02-09T23:36:00Z,1788-1-1-GV,,device_not_recording
1770680220000,2026-02-09T23:37:00Z,1788-1-1-GV,,device_not_recording
1770680280000,2026-02-09T23:38:00Z,1788-1-1-GV,,device_not_recording
1770680340000,2026-02-09T23:39:00Z,1788-1-1-GV,,device_not_recording
1770680400000,2026-02-09T23:40:00Z,1788-1-1-GV,,device_not_recording
1770680460000,2026-02-09T23:41:00Z,1788-1-1-GV,,device_not_recording
1770680520000,2026-02-09T23:42:00Z,1788-1-1-GV,,device_not_recording
1770680580000,2026-02-09T23:43:00Z,1788-1-1-GV,,device_not_recording
1770680640000,2026-02-09T23:44:00Z,1788-1-1-GV,,device_not_recording
1770680700000,2026-02-09T23:45:00Z,1788-1-1-GV,,device_not_recording
1770680760000,2026-02-09T23:46:00Z,1788-1-1-GV,,device_not_recording
1770680820000,2026-02-09T23:47:00Z,1788-1-1-GV,,device_not_recording
1770680880000,2026-02-09T23:48:00Z,1788-1-1-GV,,device_not_recording
1770680940000,2026-02-09T23:49:00Z,1788-1-1-GV,,device_not_recording
1770681000000,2026-02-09T23:50:00Z,1788-1-1-GV,,device_not_recording
1770681060000,2026-02-09T23:51:00Z,1788-1-1-GV,,device_not_recording
1770681120000,2026-02-09T23:52:00Z,1788-1-1-GV,,device_not_recording
1770681180000,2026-02-09T23:53:00Z,1788-1-1-GV,,device_not_recording
1770681240000,2026-02-09T23:54:00Z,1788-1-1-GV,,device_not_recording
1770681300000,2026-02-09T23:55:00Z,1788-1-1-GV,,device_not_recording
1770681360000,2026-02-09T23:56:00Z,1788-1-1-GV,,device_not_recording
1770681420000,2026-02-09T23:57:00Z,1788-1-1-GV,,device_not_recording
1770681480000,2026-02-09T23:58:00Z,1788-1-1-GV,,device_not_recording
1770681540000,2026-02-09T23:59:00Z,1788-1-1-GV,,device_not_recording
